<svg xmlns="http://www.w3.org/2000/svg" 
                      viewBox="0 0 533.695 547.755"
                      preserveAspectRatio="xMidYMid meet"
                      data-content-extracted="true"
                      data-original-bounds="-3.46,-32.25,1063.93,1063.26">
                        <g transform="translate(3.46, 32.25)">
                          <defs><linearGradient id="cv_merge_grad_merge-1770631549079" x1="0.146" y1="0.146" x2="0.854" y2="0.854"><stop offset="0.380" stop-color="#ffffff"/><stop offset="0.690" stop-color="#929292"/></linearGradient><linearGradient id="cv_merge_grad_merge-1770631639804" x1="0.854" y1="0.146" x2="0.146" y2="0.854"><stop offset="0.000" stop-color="#ffffff"/><stop offset="0.530" stop-color="#c0c0c0"/></linearGradient><linearGradient id="cv_merge_grad_merge-1770631667382" x1="0.146" y1="0.146" x2="0.854" y2="0.854"><stop offset="0.000" stop-color="#aaaaaa"/><stop offset="1.000" stop-color="#ffffff"/></linearGradient><linearGradient id="cv_merge_grad_merge-1770631695863" x1="0.854" y1="0.146" x2="0.146" y2="0.854"><stop offset="0.560" stop-color="#c0c0c0"/><stop offset="1.000" stop-color="#ffffff"/></linearGradient></defs>
<g stroke-width="2.00" fill="none" stroke-linecap="butt">
<path stroke="#80b380" vector-effect="non-scaling-stroke" d="   M 536.80 115.55   Q 542.47 115.64 548.65 115.71   A 0.59 0.59 0.0 0 0 549.25 115.13   L 550.14 42.73   A 0.77 0.77 0.0 0 1 550.91 41.96   L 563.93 42.13   A 0.63 0.63 0.0 0 0 564.58 41.50   L 564.79 23.91   A 0.77 0.76 -89.2 0 0 564.05 23.14   Q 562.69 23.10 538.35 22.69   Q 514.02 22.29 512.66 22.28   A 0.77 0.76 -88.9 0 0 511.89 23.03   L 511.52 40.62   A 0.63 0.63 0.0 0 0 512.14 41.26   L 525.16 41.53   A 0.77 0.77 0.0 0 1 525.91 42.32   L 524.38 114.72   A 0.59 0.59 0.0 0 0 524.96 115.32   Q 531.14 115.45 536.80 115.55"/>
<path stroke="#80b380" vector-effect="non-scaling-stroke" d="   M 621.99 83.81   Q 624.52 84.33 624.88 84.49   A 0.42 0.41 -72.8 0 1 625.12 84.96   L 617.61 121.78   A 0.64 0.64 0.0 0 0 618.10 122.53   L 640.83 127.17   A 0.74 0.74 0.0 0 0 641.70 126.60   L 659.99 36.99   A 0.64 0.64 0.0 0 0 659.50 36.23   L 636.74 31.59   A 0.71 0.70 -78.3 0 0 635.91 32.14   L 629.55 63.29   A 0.47 0.47 0.0 0 1 629.02 63.66   Q 627.67 63.43 626.21 63.14   Q 624.76 62.84 623.43 62.51   A 0.47 0.47 0.0 0 1 623.08 61.97   L 629.45 30.83   A 0.71 0.70 -78.6 0 0 628.90 29.99   L 606.15 25.33   A 0.64 0.64 0.0 0 0 605.40 25.84   L 587.09 115.45   A 0.74 0.74 0.0 0 0 587.67 116.32   L 610.39 120.96   A 0.64 0.64 0.0 0 0 611.14 120.45   L 618.67 83.64   A 0.42 0.41 -84.1 0 1 619.07 83.30   Q 619.46 83.30 621.99 83.81"/>
<path stroke="#80b380" vector-effect="non-scaling-stroke" d="   M 471.84 27.26   L 448.87 31.04   A 0.65 0.64 -4.4 0 0 448.33 31.66   Q 448.30 33.39 448.62 35.35   Q 457.62 89.27 459.68 102.09   Q 460.01 104.12 459.98 106.83   A 2.30 2.29 -8.8 0 1 458.38 109.00   Q 455.71 109.84 454.97 108.10   Q 453.92 105.65 453.66 104.11   Q 446.86 63.78 441.79 32.90   A 0.63 0.62 79.9 0 0 441.07 32.39   L 418.70 36.06   A 1.21 1.21 0.0 0 0 417.71 37.45   Q 419.80 50.34 428.40 101.37   C 429.16 105.88 430.15 110.94 431.65 113.78   C 438.39 126.48 454.24 127.46 466.90 123.69   Q 478.33 120.28 482.56 110.06   Q 484.12 106.31 483.95 102.75   Q 483.63 95.70 482.21 87.32   Q 474.76 43.24 472.24 27.55   A 0.36 0.35 80.8 0 0 471.84 27.26"/>
<path stroke="#80b380" vector-effect="non-scaling-stroke" d="   M 382.3775 71.2509   A 24.57 24.57 0.0 0 0 350.6343 57.1179   L 344.3047 59.5476   A 24.57 24.57 0.0 0 0 330.1717 91.2908   L 347.1225 135.4491   A 24.57 24.57 0.0 0 0 378.8657 149.5821   L 385.1953 147.1524   A 24.57 24.57 0.0 0 0 399.3283 115.4092   L 382.3775 71.2509"/>
<path stroke="#80b380" vector-effect="non-scaling-stroke" d="   M 742.37 128.67   A 0.55 0.55 0.0 0 0 742.13 127.93   L 722.97 118.02   A 0.65 0.64 28.2 0 0 722.12 118.27   C 718.57 124.37 714.90 131.22 713.81 138.04   C 712.66 145.20 717.51 152.90 722.91 157.24   C 731.31 164.00 744.11 169.33 754.82 165.08   C 762.87 161.89 769.54 145.90 771.42 138.14   A 11.76 11.67 -38.9 0 0 771.75 135.14   C 771.61 125.03 764.20 114.17 759.20 105.56   Q 757.66 102.90 757.89 100.58   C 758.20 97.36 762.68 86.06 767.91 91.20   Q 769.08 92.35 768.40 94.06   Q 766.61 98.55 763.43 103.78   A 0.87 0.87 0.0 0 0 763.77 105.01   L 783.02 114.96   A 0.39 0.39 0.0 0 0 783.54 114.80   Q 785.96 110.35 788.64 104.57   Q 793.21 94.67 786.70 86.15   C 778.22 75.04 755.13 63.86 743.97 77.46   C 738.94 83.59 734.25 92.52 734.00 100.51   C 733.90 103.85 734.74 106.94 736.16 110.07   Q 737.11 112.16 745.87 128.88   C 749.03 134.91 746.39 139.57 742.63 145.73   A 4.29 4.28 27.8 0 1 737.20 147.40   L 737.07 147.34   A 3.74 3.73 -64.0 0 1 735.31 142.22   L 742.37 128.67"/>
<path stroke="#80b380" vector-effect="non-scaling-stroke" d="   M 289.36 157.68   A 0.55 0.55 0.0 0 0 288.60 157.51   L 270.34 169.00   A 0.65 0.64 -31.3 0 0 270.13 169.86   C 273.58 176.01 277.63 182.65 282.95 187.05   C 288.54 191.67 297.64 191.39 304.12 188.94   C 314.20 185.13 325.29 176.80 327.05 165.41   C 328.39 156.85 317.99 143.00 312.25 137.44   A 11.76 11.67 81.5 0 0 309.83 135.64   C 301.05 130.63 287.93 131.51 277.97 131.45   Q 274.90 131.43 273.02 130.06   C 270.40 128.16 262.93 118.57 270.01 116.66   Q 271.60 116.24 272.73 117.69   Q 275.69 121.51 278.58 126.90   A 0.87 0.87 0.0 0 0 279.82 127.24   L 298.15 115.69   A 0.39 0.39 0.0 0 0 298.28 115.16   Q 295.67 110.82 292.05 105.58   Q 285.83 96.62 275.19 97.91   C 261.31 99.58 239.97 113.82 246.03 130.33   C 248.76 137.78 254.08 146.35 260.84 150.61   C 263.67 152.39 266.76 153.24 270.18 153.60   Q 272.46 153.84 291.31 154.77   C 298.11 155.10 300.79 159.74 304.19 166.10   A 4.29 4.28 -31.7 0 1 302.88 171.63   L 302.76 171.71   A 3.74 3.73 56.4 0 1 297.46 170.63   L 289.36 157.68"/>
<path stroke="#80b380" vector-effect="non-scaling-stroke" d="   M 794.57 199.40   Q 799.02 202.90 803.91 206.69   A 0.59 0.59 0.0 0 0 804.73 206.59   L 849.20 149.46   A 0.77 0.77 0.0 0 1 850.28 149.32   L 860.55 157.32   A 0.63 0.63 0.0 0 0 861.44 157.21   L 872.24 143.33   A 0.77 0.76 -52.0 0 0 872.12 142.26   Q 871.06 141.41 851.92 126.38   Q 832.78 111.35 831.71 110.53   A 0.77 0.76 -51.7 0 0 830.64 110.66   L 819.72 124.44   A 0.63 0.63 0.0 0 0 819.82 125.33   L 830.03 133.41   A 0.77 0.77 0.0 0 1 830.15 134.49   L 785.18 191.23   A 0.59 0.59 0.0 0 0 785.27 192.05   Q 790.12 195.90 794.57 199.40"/>
<path stroke="#79ac79" vector-effect="non-scaling-stroke" d="   M 174.99 340.21   L 170.38 348.88"/>
<path stroke="#74a774" vector-effect="non-scaling-stroke" d="   M 170.38 348.88   L 168.34 352.67"/>
<path stroke="#6ea16e" vector-effect="non-scaling-stroke" d="   M 168.34 352.67   Q 159.87 369.90 153.10 387.53   A 0.76 0.75 -66.6 0 0 153.47 388.48   C 166.16 394.50 180.79 396.08 194.75 396.36   C 210.63 396.67 227.51 395.63 243.47 393.46   Q 294.49 386.53 343.72 370.44   Q 376.45 359.75 405.60 345.34   Q 423.22 336.64 438.68 325.44   C 447.15 319.31 457.79 310.06 460.29 299.75   Q 460.57 298.59 459.78 293.28   C 456.39 270.50 496.18 247.67 513.15 238.89   Q 536.60 226.75 561.68 217.66   Q 575.39 212.69 590.06 208.08   C 631.60 195.04 674.85 186.39 718.00 184.61   Q 737.90 183.78 756.18 186.64   Q 756.68 186.71 756.98 186.96   A 0.07 0.06 41.4 0 0 757.07 186.96   Q 757.23 186.83 757.07 186.72   Q 732.31 171.17 705.87 159.51"/>
<path stroke="#74a774" vector-effect="non-scaling-stroke" d="   M 705.87 159.51   L 680.91 149.43"/>
<path stroke="#79ac79" vector-effect="non-scaling-stroke" d="   M 680.91 149.43   L 659.05 142.10"/>
<path stroke="#80b380" vector-effect="non-scaling-stroke" d="   M 659.05 142.10   Q 612.47 127.90 564.14 124.94   Q 555.79 124.43 543.34 124.30   Q 528.55 124.14 522.51 124.41   Q 404.60 129.82 309.09 193.56   Q 224.70 249.89 174.99 340.21"/>
<path stroke="#f9f9f9" vector-effect="non-scaling-stroke" d="   M 659.05 142.10   C 625.93 150.32 593.64 156.93 560.21 168.18   C 524.83 180.08 488.01 195.19 457.64 217.35   Q 439.57 230.54 426.87 250.89   Q 421.25 259.90 417.29 266.30   C 407.81 281.59 394.91 292.73 379.60 301.34   Q 357.30 313.88 332.65 322.51   C 303.25 332.81 274.98 340.75 245.19 344.83   Q 209.38 349.74 174.99 340.21"/>
<path stroke="#ededed" vector-effect="non-scaling-stroke" d="   M 680.91 149.43   C 653.85 157.01 621.85 162.97 600.86 167.93   Q 573.75 174.34 547.39 183.52   Q 519.96 193.08 484.03 212.81   C 464.08 223.76 446.57 237.40 434.81 257.02   C 424.42 274.36 419.19 285.22 408.19 295.19   Q 398.33 304.12 383.81 311.61   C 349.33 329.40 313.39 341.17 274.83 350.34   Q 250.36 356.15 226.33 357.30   C 206.63 358.24 188.52 356.75 170.38 348.88"/>
<path stroke="#e2e2e2" vector-effect="non-scaling-stroke" d="   M 705.87 159.51   C 644.98 172.42 583.11 178.74 524.08 206.88   Q 503.84 216.52 489.77 224.26   C 470.56 234.83 455.56 247.21 444.30 266.74   Q 440.30 273.69 434.25 283.60   C 423.69 300.92 409.98 312.72 391.29 322.51   C 354.04 342.02 310.75 356.13 268.97 364.58   Q 231.99 372.07 195.14 368.87   Q 183.46 367.86 165.40 362.33   A 0.57 0.57 0.0 0 1 165.03 361.61   Q 166.33 357.80 166.91 356.94   Q 168.46 354.60 168.34 352.67"/>
<path stroke="#80b380" vector-effect="non-scaling-stroke" d="   M 847.87 245.08   L 859.98 235.88   A 0.88 0.87 50.5 0 1 861.16 235.99   L 865.40 240.82   A 0.91 0.90 -44.0 0 1 865.38 242.04   L 855.19 252.69   A 1.12 1.12 0.0 0 0 855.17 254.21   L 870.67 271.51   A 0.81 0.81 0.0 0 0 871.90 271.49   L 930.76 200.44   A 0.83 0.83 0.0 0 0 930.73 199.35   L 908.13 174.11   A 0.67 0.66 -37.7 0 0 907.25 174.00   L 830.66 226.28   A 0.33 0.33 0.0 0 0 830.60 226.78   L 846.92 244.99   A 0.70 0.70 0.0 0 0 847.87 245.08"/>
<path stroke="#80b380" vector-effect="non-scaling-stroke" d="   M 212.41 241.15   L 198.93 228.43   A 0.42 0.42 0.0 0 1 198.91 227.84   L 208.57 217.64   A 0.51 0.51 0.0 0 0 208.54 216.92   L 196.12 205.25   A 0.63 0.63 0.0 0 0 195.23 205.28   L 185.87 215.19   A 0.69 0.68 -46.6 0 1 184.91 215.22   L 173.53 204.46   A 0.54 0.53 43.6 0 1 173.51 203.71   L 183.46 193.14   A 0.97 0.97 0.0 0 0 183.42 191.77   L 170.60 179.75   A 0.56 0.55 -47.0 0 0 169.82 179.78   L 142.81 208.48   A 0.64 0.63 43.7 0 0 142.84 209.38   L 209.42 272.21   A 0.67 0.67 0.0 0 0 210.37 272.19   L 238.50 242.36   A 0.56 0.56 0.0 0 0 238.48 241.56   L 225.41 229.28   A 0.64 0.63 -46.6 0 0 224.51 229.32   L 213.44 241.11   A 0.72 0.72 0.0 0 1 212.41 241.15"/>
<path stroke="#7caf7c" vector-effect="non-scaling-stroke" d="   M 948.45 592.23   Q 952.39 561.85 951.81 531.26   Q 951.68 524.50 951.46 517.77   Q 951.23 510.50 950.70 504.29   Q 940.51 384.18 868.05 287.91"/>
<path stroke="#70a370" vector-effect="non-scaling-stroke" d="   M 868.05 287.91   Q 862.02 279.92 855.52 272.22   Q 835.61 248.65 812.76 228.23   A 0.12 0.12 0.0 0 0 812.57 228.35   L 930.98 666.74   A 0.26 0.26 0.0 0 0 931.48 666.75   Q 943.52 630.08 948.45 592.23"/>
<path stroke="#ececec" vector-effect="non-scaling-stroke" d="   M 868.05 287.91   C 870.77 309.66 875.01 324.71 881.66 349.51   C 887.28 370.51 891.61 391.12 897.44 412.20   Q 913.87 471.60 929.29 530.89   C 934.15 549.60 940.50 571.77 948.45 592.23"/>
<path stroke="#80b380" vector-effect="non-scaling-stroke" d="   M 949.77 289.48   L 976.09 259.11   A 0.68 0.68 0.0 0 0 976.16 258.32   L 965.99 241.64   A 0.69 0.69 0.0 0 0 965.05 241.41   L 886.75 289.17   A 0.46 0.46 0.0 0 0 886.60 289.80   L 896.61 306.21   A 0.99 0.98 -31.2 0 0 897.97 306.54   L 930.65 286.61   A 0.13 0.13 0.0 0 1 930.81 286.81   L 903.71 316.79   A 0.76 0.76 0.0 0 0 903.62 317.70   L 914.21 335.06   A 0.69 0.69 0.0 0 0 915.16 335.29   L 993.23 287.67   A 0.70 0.70 0.0 0 0 993.46 286.71   L 983.52 270.41   A 0.87 0.87 0.0 0 0 982.33 270.12   L 950.05 289.81   A 0.22 0.22 0.0 0 1 949.77 289.48"/>
<path stroke="#80b380" vector-effect="non-scaling-stroke" d="   M 145.85 297.33   Q 147.27 295.18 147.55 294.91   A 0.42 0.41 39.1 0 1 148.07 294.86   L 179.43 315.56   A 0.64 0.64 0.0 0 0 180.32 315.38   L 193.09 296.03   A 0.74 0.74 0.0 0 0 192.88 295.01   L 116.58 244.62   A 0.64 0.64 0.0 0 0 115.69 244.79   L 102.90 264.17   A 0.71 0.70 33.6 0 0 103.11 265.15   L 129.63 282.67   A 0.47 0.47 0.0 0 1 129.77 283.29   Q 129.06 284.47 128.24 285.70   Q 127.42 286.94 126.62 288.06   A 0.47 0.47 0.0 0 1 125.99 288.18   L 99.47 270.65   A 0.71 0.70 33.3 0 0 98.49 270.85   L 85.69 290.22   A 0.64 0.64 0.0 0 0 85.88 291.10   L 162.17 341.51   A 0.74 0.74 0.0 0 0 163.19 341.30   L 175.98 321.95   A 0.64 0.64 0.0 0 0 175.79 321.07   L 144.44 300.35   A 0.42 0.41 27.8 0 1 144.28 299.85   Q 144.43 299.49 145.85 297.33"/>
<path stroke="#80b380" vector-effect="non-scaling-stroke" d="   M 928.65 359.61   Q 934.04 374.20 941.47 393.32   C 944.70 401.63 950.05 408.18 960.04 406.32   Q 964.70 405.45 971.99 402.72   Q 1005.16 390.33 1012.77 387.26   Q 1020.46 384.16 1022.19 382.67   Q 1030.23 375.73 1028.51 365.96   Q 1027.12 358.05 1024.11 349.88   Q 1019.98 338.65 1015.81 327.40   A 1.01 1.00 -20.5 0 0 1014.51 326.81   L 929.00 358.85   A 0.59 0.59 0.0 0 0 928.65 359.61"/>
<path stroke="#80b380" vector-effect="non-scaling-stroke" d="   M 143.06 388.12   Q 145.30 382.92 147.71 377.22   A 0.59 0.59 0.0 0 0 147.40 376.45   L 80.74 348.17   A 0.77 0.77 0.0 0 1 80.33 347.16   L 85.42 335.18   A 0.63 0.63 0.0 0 0 85.08 334.34   L 68.89 327.48   A 0.77 0.76 23.1 0 0 67.89 327.87   Q 67.34 329.11 57.73 351.48   Q 48.13 373.84 47.61 375.09   A 0.77 0.76 23.4 0 0 48.01 376.09   L 64.14 383.10   A 0.63 0.63 0.0 0 0 64.98 382.77   L 70.16 370.83   A 0.77 0.77 0.0 0 1 71.18 370.44   L 137.59 399.30   A 0.59 0.59 0.0 0 0 138.36 398.99   Q 140.83 393.32 143.06 388.12"/>
<path stroke="#75a875" vector-effect="non-scaling-stroke" d="   M 132.52 458.24   Q 127.65 482.95 125.88 508.07"/>
<path stroke="#7eb17e" vector-effect="non-scaling-stroke" d="   M 125.88 508.07   Q 120.23 589.50 145.64 666.96   Q 148.49 675.65 149.97 679.30   A 2.04 2.04 0.0 0 1 150.11 679.86   Q 150.30 681.59 151.35 683.36   A 2.78 2.26 25.0 0 1 151.55 683.77   Q 168.62 730.51 197.21 771.34"/>
<path stroke="#75a875" vector-effect="non-scaling-stroke" d="   M 197.21 771.34   Q 211.08 791.94 227.66 810.64"/>
<path stroke="#6ea16e" vector-effect="non-scaling-stroke" d="   M 227.66 810.64   C 238.17 822.68 247.93 831.99 259.83 843.80   A 4.28 4.24 83.1 0 0 260.60 844.41   Q 262.08 845.32 262.91 846.28   A 0.12 0.12 0.0 0 0 263.11 846.17   L 205.08 630.28   A 5.59 5.58 36.8 0 1 204.90 629.04   Q 204.86 627.57 204.66 626.81   Q 178.18 528.63 146.03 408.98   A 0.36 0.35 46.6 0 0 145.35 408.96   Q 137.33 433.17 132.52 458.24"/>
<path stroke="#e3e3e3" vector-effect="non-scaling-stroke" d="   M 227.66 810.64   Q 226.28 797.85 222.84 782.73   Q 215.36 749.85 209.78 729.62   Q 197.16 683.82 183.97 634.25   C 171.91 588.91 161.10 549.63 148.88 503.38   Q 144.78 487.85 140.24 474.51   Q 137.60 466.78 132.52 458.24"/>
<path stroke="#f3f3f3" vector-effect="non-scaling-stroke" d="   M 197.21 771.34   C 193.31 748.95 185.61 726.37 180.38 705.83   C 172.75 675.80 165.86 653.05 158.95 625.09   Q 156.25 614.15 148.87 587.65   Q 144.49 571.95 136.85 539.94   Q 133.31 525.15 125.88 508.07"/>
<path stroke="#80b380" vector-effect="non-scaling-stroke" d="   M 905.05 701.56   L 837.16 450.19   A 1.82 1.82 0.0 0 0 835.74 448.88   Q 827.70 447.38 819.75 447.31   C 809.65 447.21 799.34 447.27 788.43 448.37   Q 760.09 451.22 731.96 456.93   Q 675.36 468.41 620.14 488.17   Q 592.73 497.97 566.72 511.21   Q 554.04 517.67 542.90 526.11   C 539.40 528.75 535.75 532.40 533.64 536.19   A 5.26 5.24 -32.2 0 0 532.98 539.06   L 533.28 544.14   A 2.12 2.06 50.5 0 1 533.23 544.75   Q 531.74 550.99 526.65 555.96   Q 516.86 565.52 502.26 573.53   C 478.87 586.36 455.06 595.81 429.55 604.61   Q 367.86 625.87 302.94 636.65   Q 279.22 640.59 254.26 641.88   Q 237.85 642.73 222.70 640.33   Q 219.18 639.78 214.95 638.17   A 0.33 0.33 0.0 0 0 214.52 638.57   L 272.72 854.03   A 3.47 3.44 -78.2 0 0 273.89 855.84   Q 299.68 876.93 328.09 893.98   A 2.32 2.30 -26.7 0 0 329.04 894.29   Q 332.20 894.60 336.26 894.22   C 389.29 889.22 441.77 876.53 492.86 859.58   Q 524.74 849.00 553.05 835.57   C 565.03 829.89 577.30 823.27 587.47 814.98   C 590.21 812.74 595.97 807.31 595.94 803.92   Q 595.89 798.59 595.87 798.40   A 5.23 5.08 -39.1 0 1 596.12 796.28   Q 598.43 789.49 603.91 784.62   Q 615.61 774.23 632.04 765.77   Q 649.85 756.59 662.31 751.53   Q 740.31 719.83 825.00 705.68   Q 840.78 703.04 860.69 701.19   C 866.74 700.63 874.54 700.68 881.56 700.04   Q 885.27 699.71 888.34 700.30   A 7.03 6.97 50.0 0 0 889.63 700.42   Q 897.59 700.38 904.92 701.70   A 0.11 0.11 0.0 0 0 905.05 701.56"/>
<path stroke="#80b380" vector-effect="non-scaling-stroke" d="   M 71.90 569.22   C 72.05 569.22 72.02 569.21 72.10 569.28   Q 82.75 577.98 103.60 595.45   A 0.51 0.51 0.0 0 0 104.40 594.89   L 90.31 555.80   A 1.05 1.05 0.0 0 1 90.69 554.59   L 123.84 531.47   A 0.43 0.42 26.1 0 0 123.57 530.70   L 83.75 532.40   A 0.75 0.74 -8.5 0 1 82.99 531.84   Q 76.86 508.68 72.28 491.54   Q 72.14 491.05 71.81 491.05   Q 71.55 491.05 71.42 491.54   Q 66.84 508.68 60.72 531.85   A 0.75 0.74 8.5 0 1 59.96 532.41   L 20.14 530.73   A 0.43 0.42 -26.1 0 0 19.87 531.50   L 53.04 554.60   A 1.05 1.05 0.0 0 1 53.42 555.81   L 39.35 594.91   A 0.51 0.51 0.0 0 0 40.15 595.47   Q 60.99 577.99 71.63 569.28   C 71.71 569.21 71.69 569.22 71.90 569.22"/>
<path stroke="#80b380" vector-effect="non-scaling-stroke" d="   M 1008.14 569.24   C 1008.35 569.24 1008.32 569.23 1008.40 569.30   Q 1019.06 578.00 1039.91 595.49   A 0.51 0.51 0.0 0 0 1040.72 594.93   L 1026.62 555.81   A 1.05 1.05 0.0 0 1 1027.00 554.60   L 1060.17 531.48   A 0.43 0.42 26.1 0 0 1059.90 530.70   L 1020.06 532.40   A 0.75 0.74 -8.5 0 1 1019.30 531.84   Q 1013.17 508.67 1008.59 491.52   Q 1008.46 491.03 1008.19 491.03   Q 1007.86 491.03 1007.73 491.52   Q 1003.15 508.67 997.02 531.84   A 0.75 0.74 8.5 0 1 996.26 532.41   L 956.42 530.72   A 0.43 0.42 -26.1 0 0 956.15 531.49   L 989.33 554.61   A 1.05 1.05 0.0 0 1 989.71 555.82   L 975.63 594.94   A 0.51 0.51 0.0 0 0 976.43 595.50   Q 997.29 578.01 1007.94 569.30   C 1008.02 569.23 1007.99 569.24 1008.14 569.24"/>
<path stroke="#80b380" vector-effect="non-scaling-stroke" d="   M 123.63 693.47   Q 118.52 695.55 114.65 698.15   C 108.01 702.61 105.76 709.46 104.51 716.76   Q 102.95 725.94 101.07 733.29   C 100.40 735.92 99.21 737.68 97.09 739.09   C 93.29 741.62 85.19 746.52 82.57 740.24   C 81.50 737.66 84.55 735.94 86.55 735.04   Q 90.31 733.34 98.46 729.95   A 0.86 0.86 0.0 0 0 98.92 728.83   L 90.57 709.07   A 0.61 0.61 0.0 0 0 89.79 708.74   C 80.59 712.20 68.42 716.96 65.93 726.89   C 63.03 738.41 68.15 752.36 76.65 760.63   C 85.01 768.77 93.40 766.88 103.59 762.45   Q 110.16 759.60 115.04 755.89   C 120.61 751.66 122.52 744.76 123.89 738.17   Q 125.11 732.32 126.48 722.98   Q 127.25 717.69 131.58 715.43   C 134.82 713.74 141.32 710.47 142.59 716.51   A 1.35 1.33 -33.5 0 1 142.37 717.56   Q 141.19 719.24 139.11 720.16   Q 131.44 723.55 130.98 723.76   A 0.67 0.66 -24.6 0 0 130.65 724.62   L 138.97 744.31   A 0.87 0.87 0.0 0 0 140.07 744.79   Q 144.25 743.29 151.26 739.55   Q 157.08 736.44 158.84 731.91   Q 161.29 725.64 159.96 717.98   Q 158.03 706.95 151.59 698.93"/>
<path stroke="#2e7d2c" vector-effect="non-scaling-stroke" d="   M 151.59 698.93   Q 147.61 692.55 140.90 690.49   Q 136.77 689.22 132.01 690.24   Q 127.56 691.19 123.63 693.47"/>
<path stroke="#adc9ab" vector-effect="non-scaling-stroke" d="   M 151.59 698.93   Q 145.34 692.24 137.91 690.64   A 3.52 3.51 -40.7 0 0 136.96 690.57   Q 130.39 691.08 123.63 693.47"/>
<path stroke="#80b380" vector-effect="non-scaling-stroke" d="   M 975.28 737.92   A 0.55 0.55 0.0 0 0 974.58 738.26   L 967.18 758.64   A 0.65 0.64 -69.2 0 0 967.54 759.46   C 974.08 762.20 981.38 764.98 988.32 765.18   C 995.61 765.40 1002.65 759.57 1006.28 753.62   C 1011.93 744.37 1015.58 730.93 1009.96 720.80   C 1005.74 713.19 988.94 708.61 980.96 707.74   A 11.82 11.73 43.7 0 0 977.93 707.80   C 967.87 709.25 958.00 718.04 950.07 724.14   Q 947.62 726.02 945.27 726.09   C 942.02 726.20 930.18 723.20 934.63 717.32   Q 935.62 716.00 937.41 716.46   Q 942.12 717.66 947.75 720.16   A 0.88 0.87 22.0 0 0 948.93 719.66   L 956.35 699.18   A 0.40 0.39 -69.8 0 0 956.13 698.68   Q 951.38 696.85 945.27 694.93   Q 934.81 691.65 927.16 699.24   C 917.18 709.14 909.03 733.60 924.03 742.96   C 930.79 747.18 940.30 750.70 948.30 749.91   C 951.64 749.58 954.61 748.34 957.55 746.52   Q 959.51 745.31 975.04 734.41   C 980.64 730.48 985.63 732.51 992.25 735.46   A 4.31 4.30 -69.6 0 1 994.62 740.65   L 994.58 740.79   A 3.76 3.75 18.6 0 1 989.70 743.21   L 975.28 737.92"/>
<path stroke="#77aa77" vector-effect="non-scaling-stroke" d="   M 376.77 918.53   Q 401.83 929.22 428.01 936.46"/>
<path stroke="#80b380" vector-effect="non-scaling-stroke" d="   M 428.01 936.46   C 594.47 981.96 770.88 920.99 872.92 781.03"/>
<path stroke="#77aa77" vector-effect="non-scaling-stroke" d="   M 872.92 781.03   L 891.32 753.52"/>
<path stroke="#6ea16e" vector-effect="non-scaling-stroke" d="   M 891.32 753.52   Q 901.47 737.25 909.63 720.77   A 3.20 3.19 50.9 0 0 909.86 718.52   L 907.72 710.62   A 2.45 2.44 87.2 0 0 905.77 708.85   Q 900.12 707.91 894.51 707.43   Q 886.23 706.71 868.26 707.69   Q 858.81 708.21 844.58 710.02   Q 831.45 711.68 821.03 713.51   Q 750.90 725.85 684.64 750.38   Q 657.43 760.45 634.37 772.61   Q 625.51 777.28 618.15 782.39   C 612.51 786.31 605.18 791.75 602.97 798.04   A 2.58 2.54 49.2 0 0 602.88 799.39   Q 604.39 806.50 599.60 812.65   Q 595.98 817.30 592.11 820.37   Q 581.18 829.03 568.64 835.66   Q 544.57 848.39 517.22 858.47   Q 447.57 884.14 376.16 896.27   C 365.75 898.04 353.41 899.64 341.19 900.84   A 0.24 0.24 0.0 0 0 341.10 901.29   Q 358.48 910.89 376.77 918.53"/>
<path stroke="#e5e5e5" vector-effect="non-scaling-stroke" d="   M 891.32 753.52   Q 886.47 745.88 883.81 743.12   Q 872.89 731.81 856.43 731.31   Q 847.34 731.04 838.32 732.30   Q 816.47 735.37 792.31 741.44   Q 762.53 748.92 742.53 754.09   C 715.28 761.13 687.47 772.66 661.36 785.38   Q 637.65 796.92 621.52 816.75   Q 618.41 820.58 611.66 828.40   Q 600.22 841.64 585.41 850.40   Q 554.75 868.53 521.45 880.20   C 481.72 894.12 442.40 903.28 400.52 911.95   Q 393.36 913.43 376.77 918.53"/>
<path stroke="#f6f6f6" vector-effect="non-scaling-stroke" d="   M 872.92 781.03   Q 867.78 774.60 865.23 772.32   Q 853.82 762.14 837.80 762.54   Q 827.31 762.80 819.71 764.31   Q 789.34 770.31 754.26 779.37   Q 716.58 789.11 686.68 804.04   C 668.97 812.89 655.82 820.08 643.79 832.79   Q 641.38 835.32 631.30 846.57   Q 617.42 862.05 598.30 873.05   C 562.98 893.37 527.09 907.74 488.69 920.63   C 468.91 927.27 448.21 931.37 428.01 936.46"/>
<path stroke="#80b380" vector-effect="non-scaling-stroke" d="   M 140.88 800.42   Q 142.32 802.59 142.46 802.96   A 0.42 0.41 -27.8 0 1 142.30 803.46   L 110.79 824.35   A 0.64 0.64 0.0 0 0 110.60 825.24   L 123.49 844.69   A 0.74 0.74 0.0 0 0 124.52 844.90   L 201.22 794.07   A 0.64 0.64 0.0 0 0 201.41 793.18   L 188.50 773.71   A 0.71 0.71 0.0 0 0 187.51 773.51   L 160.85 791.18   A 0.47 0.47 0.0 0 1 160.22 791.06   Q 159.41 789.94 158.58 788.70   Q 157.76 787.45 157.04 786.27   A 0.47 0.47 0.0 0 1 157.18 785.64   L 183.85 767.98   A 0.71 0.71 0.0 0 0 184.05 766.99   L 171.15 747.51   A 0.64 0.64 0.0 0 0 170.26 747.34   L 93.55 798.15   A 0.74 0.74 0.0 0 0 93.34 799.18   L 106.22 818.64   A 0.64 0.64 0.0 0 0 107.12 818.81   L 138.64 797.94   A 0.42 0.41 -39.2 0 1 139.17 797.99   Q 139.45 798.26 140.88 800.42"/>
<path stroke="#80b380" vector-effect="non-scaling-stroke" d="   M 936.54 781.52   Q 940.13 773.19 933.72 767.74   C 924.53 759.93 907.78 750.08 897.31 762.41   Q 894.47 765.76 893.08 767.86   Q 885.51 779.35 876.34 794.95   A 0.71 0.70 -59.2 0 0 876.58 795.92   L 955.16 843.46   A 0.73 0.72 31.0 0 0 956.15 843.22   L 968.18 823.33   A 0.71 0.71 0.0 0 0 967.94 822.35   L 933.89 801.75   A 1.32 1.32 0.0 0 1 933.58 799.76   L 935.06 798.05   A 2.82 2.80 -59.4 0 1 938.14 797.25   Q 941.26 798.38 943.04 799.44   Q 954.88 806.53 971.50 816.62   A 0.63 0.63 0.0 0 0 972.37 816.41   L 983.55 797.93   A 0.74 0.74 0.0 0 0 983.30 796.92   Q 964.83 785.76 958.82 782.11   Q 951.23 777.51 947.91 777.34   Q 941.89 777.02 937.03 781.85   A 0.30 0.30 0.0 0 1 936.54 781.52"/>
<path stroke="#80b380" vector-effect="non-scaling-stroke" d="   M 923.89 853.25   A 0.59 0.59 0.0 0 0 923.06 853.32   L 912.35 865.84   A 0.59 0.59 0.0 0 1 911.52 865.91   L 897.41 853.84   A 0.59 0.59 0.0 0 1 897.34 853.01   L 906.34 842.49   A 0.59 0.59 0.0 0 0 906.27 841.66   L 893.28 830.55   A 0.59 0.59 0.0 0 0 892.45 830.62   L 883.45 841.15   A 0.59 0.59 0.0 0 1 882.62 841.22   L 870.62 830.96   A 0.59 0.59 0.0 0 1 870.55 830.13   L 880.24 818.81   A 0.59 0.59 0.0 0 0 880.17 817.98   L 866.50 806.28   A 0.59 0.59 0.0 0 0 865.67 806.35   L 839.89 836.49   A 0.59 0.59 0.0 0 0 839.96 837.32   L 910.02 897.22   A 0.59 0.59 0.0 0 0 910.85 897.15   L 937.66 865.80   A 0.59 0.59 0.0 0 0 937.59 864.97   L 923.89 853.25"/>
<path stroke="#80b380" vector-effect="non-scaling-stroke" d="   M 139.31 866.15   A 0.70 0.70 0.0 0 0 139.21 867.20   L 156.02 884.85   A 0.70 0.70 0.0 0 0 156.98 884.90   L 168.66 874.92   A 0.70 0.70 0.0 0 1 169.62 874.97   L 174.46 880.07   A 0.70 0.70 0.0 0 1 174.47 881.02   L 164.15 892.44   A 0.70 0.70 0.0 0 0 164.16 893.39   L 180.63 910.69   A 0.70 0.70 0.0 0 0 181.69 910.64   L 238.78 837.29   A 0.70 0.70 0.0 0 0 238.73 836.37   L 215.19 811.64   A 0.70 0.70 0.0 0 0 214.27 811.56   L 139.31 866.15"/>
<path stroke="#80b380" vector-effect="non-scaling-stroke" d="   M 847.26 909.92   L 804.10 868.38   A 0.58 0.58 0.0 0 0 803.32 868.35   L 784.01 884.86   A 0.33 0.33 0.0 0 0 784.01 885.36   L 854.23 946.22   A 1.23 1.22 -44.6 0 0 855.83 946.22   L 882.77 923.19   A 0.71 0.71 0.0 0 0 882.91 922.27   L 832.35 844.35   A 0.56 0.56 0.0 0 0 831.51 844.23   L 812.14 860.78   A 0.35 0.35 0.0 0 0 812.09 861.25   L 847.42 909.77   A 0.11 0.11 0.0 0 1 847.26 909.92"/>
<path stroke="#80b380" vector-effect="non-scaling-stroke" d="   M 217.07 942.64   A 0.09 0.09 0.0 0 0 217.19 942.62   L 249.93 896.61   A 0.09 0.09 0.0 0 1 250.09 896.70   L 223.87 947.43   A 0.09 0.09 0.0 0 0 223.89 947.55   L 236.42 956.46   A 0.09 0.09 0.0 0 0 236.53 956.45   L 275.15 915.12   A 0.09 0.09 0.0 0 1 275.28 915.11   L 275.39 915.22   A 0.09 0.09 0.0 0 1 275.40 915.33   L 242.94 960.94   A 0.09 0.09 0.0 0 0 242.96 961.06   L 260.52 973.56   A 0.09 0.09 0.0 0 0 260.64 973.54   L 314.66 897.65   A 0.09 0.09 0.0 0 0 314.64 897.53   L 288.83 879.16   A 0.09 0.09 0.0 0 0 288.72 879.17   L 260.85 909.01   A 0.09 0.09 0.0 0 1 260.70 908.91   L 279.46 872.60   A 0.09 0.09 0.0 0 0 279.44 872.48   L 253.65 854.12   A 0.09 0.09 0.0 0 0 253.53 854.14   L 199.51 930.03   A 0.09 0.09 0.0 0 0 199.53 930.15   L 217.07 942.64"/>
<path stroke="#80b380" vector-effect="non-scaling-stroke" d="   M 786.9489 908.5509   A 24.76 24.76 0.0 0 0 752.9292 900.2578   L 747.1702 903.7593   A 24.76 24.76 0.0 0 0 738.8771 937.7790   L 763.4711 978.2291   A 24.76 24.76 0.0 0 0 797.4908 986.5222   L 803.2498 983.0207   A 24.76 24.76 0.0 0 0 811.5429 949.0010   L 786.9489 908.5509"/>
<path stroke="#80b380" vector-effect="non-scaling-stroke" d="   M 347.46 963.85   Q 356.15 966.46 360.83 959.47   C 367.54 949.43 375.40 931.65 361.94 922.67   Q 358.29 920.23 356.04 919.09   Q 343.75 912.89 327.19 905.57   A 0.71 0.71 0.0 0 0 326.25 905.92   L 288.04 989.48   A 0.73 0.72 -65.6 0 0 288.39 990.44   L 309.55 1000.11   A 0.71 0.71 0.0 0 0 310.49 999.76   L 327.05 963.55   A 1.32 1.32 0.0 0 1 328.99 963.01   L 330.86 964.28   A 2.82 2.80 24.0 0 1 332.01 967.25   Q 331.25 970.48 330.40 972.38   Q 324.71 984.96 316.60 1002.64   A 0.63 0.63 0.0 0 0 316.91 1003.48   L 336.56 1012.46   A 0.74 0.74 0.0 0 0 337.53 1012.10   Q 346.50 992.46 349.44 986.07   Q 353.14 977.99 352.92 974.67   Q 352.55 968.65 347.19 964.38   A 0.30 0.30 0.0 0 1 347.46 963.85"/>
<path stroke="#80b380" vector-effect="non-scaling-stroke" d="   M 719.36 968.32   Q 727.28 963.90 725.51 955.68   C 722.98 943.89 715.69 925.88 699.87 929.29   Q 695.58 930.21 693.20 931.03   Q 680.20 935.54 663.43 942.33   A 0.71 0.70 -21.7 0 0 663.03 943.25   L 696.42 1028.79   A 0.73 0.72 68.5 0 0 697.35 1029.20   L 719.00 1020.75   A 0.71 0.71 0.0 0 0 719.41 1019.83   L 704.94 982.76   A 1.32 1.32 0.0 0 1 705.91 980.99   L 708.12 980.54   A 2.81 2.80 -21.9 0 1 711.05 981.78   Q 712.84 984.57 713.61 986.50   Q 718.68 999.33 725.72 1017.45   A 0.63 0.63 0.0 0 0 726.54 1017.81   L 746.66 1009.96   A 0.74 0.74 0.0 0 0 747.07 1009.01   Q 739.22 988.91 736.67 982.36   Q 733.45 974.09 730.92 971.93   Q 726.34 968.01 719.55 968.88   A 0.30 0.30 0.0 0 1 719.36 968.32"/>
<path stroke="#80b380" vector-effect="non-scaling-stroke" d="   M 437.6411 971.0426   A 24.56 24.56 0.0 0 0 420.4323 940.8723   L 413.6611 939.0199   A 24.56 24.56 0.0 0 0 383.4909 956.2287   L 370.8989 1002.2574   A 24.56 24.56 0.0 0 0 388.1077 1032.4277   L 394.8789 1034.2801   A 24.56 24.56 0.0 0 0 425.0491 1017.0713   L 437.6411 971.0426"/>
<path stroke="#80b380" vector-effect="non-scaling-stroke" d="   M 486.52 997.10   L 509.73 999.29   A 0.56 0.55 -82.9 0 0 510.33 998.82   Q 511.45 990.93 511.82 982.82   Q 512.17 975.13 510.92 970.52   C 506.51 954.22 481.01 950.34 468.37 956.33   C 461.12 959.77 456.44 966.23 455.49 974.32   Q 455.29 975.98 454.78 979.25   Q 453.99 984.30 451.04 1015.00   Q 450.38 1021.78 450.77 1029.00   C 451.62 1044.63 465.79 1050.05 479.23 1050.77   C 488.94 1051.29 500.93 1046.86 504.63 1037.56   Q 507.54 1030.25 508.80 1014.56   A 0.64 0.64 0.0 0 0 508.22 1013.87   L 485.21 1011.71   A 0.84 0.84 0.0 0 0 484.29 1012.48   Q 483.38 1023.00 482.42 1029.15   C 481.93 1032.23 480.92 1035.22 477.27 1034.28   C 473.87 1033.40 474.42 1029.07 474.68 1026.25   Q 475.04 1022.17 479.14 981.92   Q 479.72 976.28 480.74 972.13   A 1.88 1.87 -16.3 0 1 481.22 971.26   Q 483.61 968.82 486.74 970.86   A 2.03 1.94 -88.7 0 1 487.39 971.57   Q 488.25 973.20 488.05 975.25   Q 487.00 986.08 486.01 996.49   A 0.56 0.56 0.0 0 0 486.52 997.10"/>
<path stroke="#80b380" vector-effect="non-scaling-stroke" d="   M 555.69 991.89   A 0.23 0.23 0.0 0 1 555.26 991.80   L 553.36 959.48   A 0.68 0.67 -2.5 0 0 552.65 958.84   L 529.23 960.22   A 0.48 0.48 0.0 0 0 528.78 960.73   L 534.15 1052.41   A 0.91 0.91 0.0 0 0 535.12 1053.27   L 557.82 1051.94   A 0.90 0.90 0.0 0 0 558.67 1050.99   L 556.59 1015.54   A 0.17 0.17 0.0 0 1 556.92 1015.48   L 567.71 1050.30   A 1.43 1.43 0.0 0 0 569.17 1051.31   L 592.47 1049.95   A 0.74 0.74 0.0 0 0 593.12 1048.96   L 575.71 1000.68   A 3.43 3.42 -47.6 0 1 575.62 998.65   L 586.60 957.40   A 0.41 0.40 5.6 0 0 586.18 956.89   L 564.29 958.17   A 1.01 1.01 0.0 0 0 563.36 958.95   Q 560.03 973.59 556.72 986.98   C 556.27 988.77 556.36 990.60 555.69 991.89"/>
<path stroke="#80b380" vector-effect="non-scaling-stroke" d="   M 357.8992 75.3035   A 3.40 3.40 0.0 0 0 353.5204 73.3171   L 353.4455 73.3453   A 3.40 3.40 0.0 0 0 351.4591 77.7241   L 371.6408 131.4165   A 3.40 3.40 0.0 0 0 376.0196 133.4029   L 376.0945 133.3747   A 3.40 3.40 0.0 0 0 378.0809 128.9959   L 357.8992 75.3035"/>
<path stroke="#80b380" vector-effect="non-scaling-stroke" d="   M 875.48 226.59   Q 876.53 227.80 877.69 228.87   A 0.51 0.51 0.0 0 0 878.41 228.85   Q 901.78 204.24 901.57 204.00   Q 901.36 203.76 873.67 223.37   A 0.51 0.51 0.0 0 0 873.54 224.08   Q 874.44 225.39 875.48 226.59"/>
<path stroke="#80b380" vector-effect="non-scaling-stroke" d="   M 1008.11 355.44   L 953.13 376.11   A 0.75 0.75 0.0 0 0 952.69 377.07   L 952.98 377.83   A 5.55 5.42 -20.6 0 0 960.08 380.95   L 1006.08 363.66   A 5.55 5.42 -20.6 0 0 1009.37 356.64   L 1009.08 355.88   A 0.75 0.75 0.0 0 0 1008.11 355.44"/>
<path stroke="#80b380" vector-effect="non-scaling-stroke" d="   M 903.32 783.20   L 919.53 793.06   A 0.46 0.46 0.0 0 0 920.17 792.91   L 920.86 791.76   A 5.17 4.92 31.3 0 0 919.00 784.87   L 910.83 779.91   A 5.17 4.92 31.3 0 0 903.86 781.42   L 903.16 782.57   A 0.46 0.46 0.0 0 0 903.32 783.20"/>
<path stroke="#80b380" vector-effect="non-scaling-stroke" d="   M 184.05 865.38   Q 185.15 866.56 186.36 867.62   A 0.52 0.52 0.0 0 0 187.09 867.57   Q 209.98 841.82 209.76 841.59   Q 209.54 841.35 182.10 862.17   A 0.52 0.52 0.0 0 0 181.99 862.89   Q 182.95 864.19 184.05 865.38"/>
<path stroke="#eeeeee" vector-effect="non-scaling-stroke" d="   M 276.6478 913.5121   A 0.65 0.18 -50.0 0 0 276.0921 913.8943   A 0.65 0.18 -50.0 0 0 275.8122 914.5079   A 0.65 0.18 -50.0 0 0 276.3679 914.1257   A 0.65 0.18 -50.0 0 0 276.6478 913.5121"/>
<path stroke="#80b380" vector-effect="non-scaling-stroke" d="   M 763.3801 916.8489   A 3.41 3.41 0.0 0 0 758.7029 915.6740   L 758.6342 915.7151   A 3.41 3.41 0.0 0 0 757.4594 920.3923   L 787.0599 969.8511   A 3.41 3.41 0.0 0 0 791.7371 971.0260   L 791.8058 970.9849   A 3.41 3.41 0.0 0 0 792.9806 966.3077   L 763.3801 916.8489"/>
<path stroke="#80b380" vector-effect="non-scaling-stroke" d="   M 341.78 931.35   L 334.21 947.88   A 0.89 0.89 0.0 0 0 334.65 949.06   L 335.51 949.46   A 5.05 4.90 -65.4 0 0 342.07 946.91   L 346.18 937.94   A 5.05 4.90 -65.4 0 0 343.82 931.31   L 342.96 930.91   A 0.89 0.89 0.0 0 0 341.78 931.35"/>
<path stroke="#80b380" vector-effect="non-scaling-stroke" d="   M 691.94 949.41   L 698.91 967.10   A 0.54 0.54 0.0 0 0 699.61 967.41   L 700.52 967.05   A 5.16 5.00 -21.5 0 0 703.49 960.50   L 699.79 951.11   A 5.16 5.00 -21.5 0 0 693.15 948.35   L 692.24 948.71   A 0.54 0.54 0.0 0 0 691.94 949.41"/>
<path stroke="#80b380" vector-effect="non-scaling-stroke" d="   M 415.1852 959.7654   A 3.43 3.43 0.0 0 0 412.7746 955.5561   L 412.7167 955.5404   A 3.43 3.43 0.0 0 0 408.5073 957.9511   L 393.3948 1013.5746   A 3.43 3.43 0.0 0 0 395.8054 1017.7839   L 395.8633 1017.7996   A 3.43 3.43 0.0 0 0 400.0727 1015.3889   L 415.1852 959.7654"/>
</g>
<path fill="#006600" d="   M 1063.93 537.79   A 525.47 525.47 0.0 0 1 538.46 1063.26   A 525.47 525.47 0.0 0 1 12.99 537.79   A 525.47 525.47 0.0 0 1 538.46 12.32   A 525.47 525.47 0.0 0 1 1063.93 537.79   Z   M 536.80 115.55   Q 542.47 115.64 548.65 115.71   A 0.59 0.59 0.0 0 0 549.25 115.13   L 550.14 42.73   A 0.77 0.77 0.0 0 1 550.91 41.96   L 563.93 42.13   A 0.63 0.63 0.0 0 0 564.58 41.50   L 564.79 23.91   A 0.77 0.76 -89.2 0 0 564.05 23.14   Q 562.69 23.10 538.35 22.69   Q 514.02 22.29 512.66 22.28   A 0.77 0.76 -88.9 0 0 511.89 23.03   L 511.52 40.62   A 0.63 0.63 0.0 0 0 512.14 41.26   L 525.16 41.53   A 0.77 0.77 0.0 0 1 525.91 42.32   L 524.38 114.72   A 0.59 0.59 0.0 0 0 524.96 115.32   Q 531.14 115.45 536.80 115.55   Z   M 621.99 83.81   Q 624.52 84.33 624.88 84.49   A 0.42 0.41 -72.8 0 1 625.12 84.96   L 617.61 121.78   A 0.64 0.64 0.0 0 0 618.10 122.53   L 640.83 127.17   A 0.74 0.74 0.0 0 0 641.70 126.60   L 659.99 36.99   A 0.64 0.64 0.0 0 0 659.50 36.23   L 636.74 31.59   A 0.71 0.70 -78.3 0 0 635.91 32.14   L 629.55 63.29   A 0.47 0.47 0.0 0 1 629.02 63.66   Q 627.67 63.43 626.21 63.14   Q 624.76 62.84 623.43 62.51   A 0.47 0.47 0.0 0 1 623.08 61.97   L 629.45 30.83   A 0.71 0.70 -78.6 0 0 628.90 29.99   L 606.15 25.33   A 0.64 0.64 0.0 0 0 605.40 25.84   L 587.09 115.45   A 0.74 0.74 0.0 0 0 587.67 116.32   L 610.39 120.96   A 0.64 0.64 0.0 0 0 611.14 120.45   L 618.67 83.64   A 0.42 0.41 -84.1 0 1 619.07 83.30   Q 619.46 83.30 621.99 83.81   Z   M 471.84 27.26   L 448.87 31.04   A 0.65 0.64 -4.4 0 0 448.33 31.66   Q 448.30 33.39 448.62 35.35   Q 457.62 89.27 459.68 102.09   Q 460.01 104.12 459.98 106.83   A 2.30 2.29 -8.8 0 1 458.38 109.00   Q 455.71 109.84 454.97 108.10   Q 453.92 105.65 453.66 104.11   Q 446.86 63.78 441.79 32.90   A 0.63 0.62 79.9 0 0 441.07 32.39   L 418.70 36.06   A 1.21 1.21 0.0 0 0 417.71 37.45   Q 419.80 50.34 428.40 101.37   C 429.16 105.88 430.15 110.94 431.65 113.78   C 438.39 126.48 454.24 127.46 466.90 123.69   Q 478.33 120.28 482.56 110.06   Q 484.12 106.31 483.95 102.75   Q 483.63 95.70 482.21 87.32   Q 474.76 43.24 472.24 27.55   A 0.36 0.35 80.8 0 0 471.84 27.26   Z   M 382.3775 71.2509   A 24.57 24.57 0.0 0 0 350.6343 57.1179   L 344.3047 59.5476   A 24.57 24.57 0.0 0 0 330.1717 91.2908   L 347.1225 135.4491   A 24.57 24.57 0.0 0 0 378.8657 149.5821   L 385.1953 147.1524   A 24.57 24.57 0.0 0 0 399.3283 115.4092   L 382.3775 71.2509   Z   M 742.37 128.67   A 0.55 0.55 0.0 0 0 742.13 127.93   L 722.97 118.02   A 0.65 0.64 28.2 0 0 722.12 118.27   C 718.57 124.37 714.90 131.22 713.81 138.04   C 712.66 145.20 717.51 152.90 722.91 157.24   C 731.31 164.00 744.11 169.33 754.82 165.08   C 762.87 161.89 769.54 145.90 771.42 138.14   A 11.76 11.67 -38.9 0 0 771.75 135.14   C 771.61 125.03 764.20 114.17 759.20 105.56   Q 757.66 102.90 757.89 100.58   C 758.20 97.36 762.68 86.06 767.91 91.20   Q 769.08 92.35 768.40 94.06   Q 766.61 98.55 763.43 103.78   A 0.87 0.87 0.0 0 0 763.77 105.01   L 783.02 114.96   A 0.39 0.39 0.0 0 0 783.54 114.80   Q 785.96 110.35 788.64 104.57   Q 793.21 94.67 786.70 86.15   C 778.22 75.04 755.13 63.86 743.97 77.46   C 738.94 83.59 734.25 92.52 734.00 100.51   C 733.90 103.85 734.74 106.94 736.16 110.07   Q 737.11 112.16 745.87 128.88   C 749.03 134.91 746.39 139.57 742.63 145.73   A 4.29 4.28 27.8 0 1 737.20 147.40   L 737.07 147.34   A 3.74 3.73 -64.0 0 1 735.31 142.22   L 742.37 128.67   Z   M 289.36 157.68   A 0.55 0.55 0.0 0 0 288.60 157.51   L 270.34 169.00   A 0.65 0.64 -31.3 0 0 270.13 169.86   C 273.58 176.01 277.63 182.65 282.95 187.05   C 288.54 191.67 297.64 191.39 304.12 188.94   C 314.20 185.13 325.29 176.80 327.05 165.41   C 328.39 156.85 317.99 143.00 312.25 137.44   A 11.76 11.67 81.5 0 0 309.83 135.64   C 301.05 130.63 287.93 131.51 277.97 131.45   Q 274.90 131.43 273.02 130.06   C 270.40 128.16 262.93 118.57 270.01 116.66   Q 271.60 116.24 272.73 117.69   Q 275.69 121.51 278.58 126.90   A 0.87 0.87 0.0 0 0 279.82 127.24   L 298.15 115.69   A 0.39 0.39 0.0 0 0 298.28 115.16   Q 295.67 110.82 292.05 105.58   Q 285.83 96.62 275.19 97.91   C 261.31 99.58 239.97 113.82 246.03 130.33   C 248.76 137.78 254.08 146.35 260.84 150.61   C 263.67 152.39 266.76 153.24 270.18 153.60   Q 272.46 153.84 291.31 154.77   C 298.11 155.10 300.79 159.74 304.19 166.10   A 4.29 4.28 -31.7 0 1 302.88 171.63   L 302.76 171.71   A 3.74 3.73 56.4 0 1 297.46 170.63   L 289.36 157.68   Z   M 794.57 199.40   Q 799.02 202.90 803.91 206.69   A 0.59 0.59 0.0 0 0 804.73 206.59   L 849.20 149.46   A 0.77 0.77 0.0 0 1 850.28 149.32   L 860.55 157.32   A 0.63 0.63 0.0 0 0 861.44 157.21   L 872.24 143.33   A 0.77 0.76 -52.0 0 0 872.12 142.26   Q 871.06 141.41 851.92 126.38   Q 832.78 111.35 831.71 110.53   A 0.77 0.76 -51.7 0 0 830.64 110.66   L 819.72 124.44   A 0.63 0.63 0.0 0 0 819.82 125.33   L 830.03 133.41   A 0.77 0.77 0.0 0 1 830.15 134.49   L 785.18 191.23   A 0.59 0.59 0.0 0 0 785.27 192.05   Q 790.12 195.90 794.57 199.40   Z   M 174.99 340.21   L 170.38 348.88   L 168.34 352.67   Q 159.87 369.90 153.10 387.53   A 0.76 0.75 -66.6 0 0 153.47 388.48   C 166.16 394.50 180.79 396.08 194.75 396.36   C 210.63 396.67 227.51 395.63 243.47 393.46   Q 294.49 386.53 343.72 370.44   Q 376.45 359.75 405.60 345.34   Q 423.22 336.64 438.68 325.44   C 447.15 319.31 457.79 310.06 460.29 299.75   Q 460.57 298.59 459.78 293.28   C 456.39 270.50 496.18 247.67 513.15 238.89   Q 536.60 226.75 561.68 217.66   Q 575.39 212.69 590.06 208.08   C 631.60 195.04 674.85 186.39 718.00 184.61   Q 737.90 183.78 756.18 186.64   Q 756.68 186.71 756.98 186.96   A 0.07 0.06 41.4 0 0 757.07 186.96   Q 757.23 186.83 757.07 186.72   Q 732.31 171.17 705.87 159.51   L 680.91 149.43   L 659.05 142.10   Q 612.47 127.90 564.14 124.94   Q 555.79 124.43 543.34 124.30   Q 528.55 124.14 522.51 124.41   Q 404.60 129.82 309.09 193.56   Q 224.70 249.89 174.99 340.21   Z   M 847.87 245.08   L 859.98 235.88   A 0.88 0.87 50.5 0 1 861.16 235.99   L 865.40 240.82   A 0.91 0.90 -44.0 0 1 865.38 242.04   L 855.19 252.69   A 1.12 1.12 0.0 0 0 855.17 254.21   L 870.67 271.51   A 0.81 0.81 0.0 0 0 871.90 271.49   L 930.76 200.44   A 0.83 0.83 0.0 0 0 930.73 199.35   L 908.13 174.11   A 0.67 0.66 -37.7 0 0 907.25 174.00   L 830.66 226.28   A 0.33 0.33 0.0 0 0 830.60 226.78   L 846.92 244.99   A 0.70 0.70 0.0 0 0 847.87 245.08   Z   M 212.41 241.15   L 198.93 228.43   A 0.42 0.42 0.0 0 1 198.91 227.84   L 208.57 217.64   A 0.51 0.51 0.0 0 0 208.54 216.92   L 196.12 205.25   A 0.63 0.63 0.0 0 0 195.23 205.28   L 185.87 215.19   A 0.69 0.68 -46.6 0 1 184.91 215.22   L 173.53 204.46   A 0.54 0.53 43.6 0 1 173.51 203.71   L 183.46 193.14   A 0.97 0.97 0.0 0 0 183.42 191.77   L 170.60 179.75   A 0.56 0.55 -47.0 0 0 169.82 179.78   L 142.81 208.48   A 0.64 0.63 43.7 0 0 142.84 209.38   L 209.42 272.21   A 0.67 0.67 0.0 0 0 210.37 272.19   L 238.50 242.36   A 0.56 0.56 0.0 0 0 238.48 241.56   L 225.41 229.28   A 0.64 0.63 -46.6 0 0 224.51 229.32   L 213.44 241.11   A 0.72 0.72 0.0 0 1 212.41 241.15   Z   M 948.45 592.23   Q 952.39 561.85 951.81 531.26   Q 951.68 524.50 951.46 517.77   Q 951.23 510.50 950.70 504.29   Q 940.51 384.18 868.05 287.91   Q 862.02 279.92 855.52 272.22   Q 835.61 248.65 812.76 228.23   A 0.12 0.12 0.0 0 0 812.57 228.35   L 930.98 666.74   A 0.26 0.26 0.0 0 0 931.48 666.75   Q 943.52 630.08 948.45 592.23   Z   M 949.77 289.48   L 976.09 259.11   A 0.68 0.68 0.0 0 0 976.16 258.32   L 965.99 241.64   A 0.69 0.69 0.0 0 0 965.05 241.41   L 886.75 289.17   A 0.46 0.46 0.0 0 0 886.60 289.80   L 896.61 306.21   A 0.99 0.98 -31.2 0 0 897.97 306.54   L 930.65 286.61   A 0.13 0.13 0.0 0 1 930.81 286.81   L 903.71 316.79   A 0.76 0.76 0.0 0 0 903.62 317.70   L 914.21 335.06   A 0.69 0.69 0.0 0 0 915.16 335.29   L 993.23 287.67   A 0.70 0.70 0.0 0 0 993.46 286.71   L 983.52 270.41   A 0.87 0.87 0.0 0 0 982.33 270.12   L 950.05 289.81   A 0.22 0.22 0.0 0 1 949.77 289.48   Z   M 145.85 297.33   Q 147.27 295.18 147.55 294.91   A 0.42 0.41 39.1 0 1 148.07 294.86   L 179.43 315.56   A 0.64 0.64 0.0 0 0 180.32 315.38   L 193.09 296.03   A 0.74 0.74 0.0 0 0 192.88 295.01   L 116.58 244.62   A 0.64 0.64 0.0 0 0 115.69 244.79   L 102.90 264.17   A 0.71 0.70 33.6 0 0 103.11 265.15   L 129.63 282.67   A 0.47 0.47 0.0 0 1 129.77 283.29   Q 129.06 284.47 128.24 285.70   Q 127.42 286.94 126.62 288.06   A 0.47 0.47 0.0 0 1 125.99 288.18   L 99.47 270.65   A 0.71 0.70 33.3 0 0 98.49 270.85   L 85.69 290.22   A 0.64 0.64 0.0 0 0 85.88 291.10   L 162.17 341.51   A 0.74 0.74 0.0 0 0 163.19 341.30   L 175.98 321.95   A 0.64 0.64 0.0 0 0 175.79 321.07   L 144.44 300.35   A 0.42 0.41 27.8 0 1 144.28 299.85   Q 144.43 299.49 145.85 297.33   Z   M 928.65 359.61   Q 934.04 374.20 941.47 393.32   C 944.70 401.63 950.05 408.18 960.04 406.32   Q 964.70 405.45 971.99 402.72   Q 1005.16 390.33 1012.77 387.26   Q 1020.46 384.16 1022.19 382.67   Q 1030.23 375.73 1028.51 365.96   Q 1027.12 358.05 1024.11 349.88   Q 1019.98 338.65 1015.81 327.40   A 1.01 1.00 -20.5 0 0 1014.51 326.81   L 929.00 358.85   A 0.59 0.59 0.0 0 0 928.65 359.61   Z   M 143.06 388.12   Q 145.30 382.92 147.71 377.22   A 0.59 0.59 0.0 0 0 147.40 376.45   L 80.74 348.17   A 0.77 0.77 0.0 0 1 80.33 347.16   L 85.42 335.18   A 0.63 0.63 0.0 0 0 85.08 334.34   L 68.89 327.48   A 0.77 0.76 23.1 0 0 67.89 327.87   Q 67.34 329.11 57.73 351.48   Q 48.13 373.84 47.61 375.09   A 0.77 0.76 23.4 0 0 48.01 376.09   L 64.14 383.10   A 0.63 0.63 0.0 0 0 64.98 382.77   L 70.16 370.83   A 0.77 0.77 0.0 0 1 71.18 370.44   L 137.59 399.30   A 0.59 0.59 0.0 0 0 138.36 398.99   Q 140.83 393.32 143.06 388.12   Z   M 132.52 458.24   Q 127.65 482.95 125.88 508.07   Q 120.23 589.50 145.64 666.96   Q 148.49 675.65 149.97 679.30   A 2.04 2.04 0.0 0 1 150.11 679.86   Q 150.30 681.59 151.35 683.36   A 2.78 2.26 25.0 0 1 151.55 683.77   Q 168.62 730.51 197.21 771.34   Q 211.08 791.94 227.66 810.64   C 238.17 822.68 247.93 831.99 259.83 843.80   A 4.28 4.24 83.1 0 0 260.60 844.41   Q 262.08 845.32 262.91 846.28   A 0.12 0.12 0.0 0 0 263.11 846.17   L 205.08 630.28   A 5.59 5.58 36.8 0 1 204.90 629.04   Q 204.86 627.57 204.66 626.81   Q 178.18 528.63 146.03 408.98   A 0.36 0.35 46.6 0 0 145.35 408.96   Q 137.33 433.17 132.52 458.24   Z   M 905.05 701.56   L 837.16 450.19   A 1.82 1.82 0.0 0 0 835.74 448.88   Q 827.70 447.38 819.75 447.31   C 809.65 447.21 799.34 447.27 788.43 448.37   Q 760.09 451.22 731.96 456.93   Q 675.36 468.41 620.14 488.17   Q 592.73 497.97 566.72 511.21   Q 554.04 517.67 542.90 526.11   C 539.40 528.75 535.75 532.40 533.64 536.19   A 5.26 5.24 -32.2 0 0 532.98 539.06   L 533.28 544.14   A 2.12 2.06 50.5 0 1 533.23 544.75   Q 531.74 550.99 526.65 555.96   Q 516.86 565.52 502.26 573.53   C 478.87 586.36 455.06 595.81 429.55 604.61   Q 367.86 625.87 302.94 636.65   Q 279.22 640.59 254.26 641.88   Q 237.85 642.73 222.70 640.33   Q 219.18 639.78 214.95 638.17   A 0.33 0.33 0.0 0 0 214.52 638.57   L 272.72 854.03   A 3.47 3.44 -78.2 0 0 273.89 855.84   Q 299.68 876.93 328.09 893.98   A 2.32 2.30 -26.7 0 0 329.04 894.29   Q 332.20 894.60 336.26 894.22   C 389.29 889.22 441.77 876.53 492.86 859.58   Q 524.74 849.00 553.05 835.57   C 565.03 829.89 577.30 823.27 587.47 814.98   C 590.21 812.74 595.97 807.31 595.94 803.92   Q 595.89 798.59 595.87 798.40   A 5.23 5.08 -39.1 0 1 596.12 796.28   Q 598.43 789.49 603.91 784.62   Q 615.61 774.23 632.04 765.77   Q 649.85 756.59 662.31 751.53   Q 740.31 719.83 825.00 705.68   Q 840.78 703.04 860.69 701.19   C 866.74 700.63 874.54 700.68 881.56 700.04   Q 885.27 699.71 888.34 700.30   A 7.03 6.97 50.0 0 0 889.63 700.42   Q 897.59 700.38 904.92 701.70   A 0.11 0.11 0.0 0 0 905.05 701.56   Z   M 71.90 569.22   C 72.05 569.22 72.02 569.21 72.10 569.28   Q 82.75 577.98 103.60 595.45   A 0.51 0.51 0.0 0 0 104.40 594.89   L 90.31 555.80   A 1.05 1.05 0.0 0 1 90.69 554.59   L 123.84 531.47   A 0.43 0.42 26.1 0 0 123.57 530.70   L 83.75 532.40   A 0.75 0.74 -8.5 0 1 82.99 531.84   Q 76.86 508.68 72.28 491.54   Q 72.14 491.05 71.81 491.05   Q 71.55 491.05 71.42 491.54   Q 66.84 508.68 60.72 531.85   A 0.75 0.74 8.5 0 1 59.96 532.41   L 20.14 530.73   A 0.43 0.42 -26.1 0 0 19.87 531.50   L 53.04 554.60   A 1.05 1.05 0.0 0 1 53.42 555.81   L 39.35 594.91   A 0.51 0.51 0.0 0 0 40.15 595.47   Q 60.99 577.99 71.63 569.28   C 71.71 569.21 71.69 569.22 71.90 569.22   Z   M 1008.14 569.24   C 1008.35 569.24 1008.32 569.23 1008.40 569.30   Q 1019.06 578.00 1039.91 595.49   A 0.51 0.51 0.0 0 0 1040.72 594.93   L 1026.62 555.81   A 1.05 1.05 0.0 0 1 1027.00 554.60   L 1060.17 531.48   A 0.43 0.42 26.1 0 0 1059.90 530.70   L 1020.06 532.40   A 0.75 0.74 -8.5 0 1 1019.30 531.84   Q 1013.17 508.67 1008.59 491.52   Q 1008.46 491.03 1008.19 491.03   Q 1007.86 491.03 1007.73 491.52   Q 1003.15 508.67 997.02 531.84   A 0.75 0.74 8.5 0 1 996.26 532.41   L 956.42 530.72   A 0.43 0.42 -26.1 0 0 956.15 531.49   L 989.33 554.61   A 1.05 1.05 0.0 0 1 989.71 555.82   L 975.63 594.94   A 0.51 0.51 0.0 0 0 976.43 595.50   Q 997.29 578.01 1007.94 569.30   C 1008.02 569.23 1007.99 569.24 1008.14 569.24   Z   M 123.63 693.47   Q 118.52 695.55 114.65 698.15   C 108.01 702.61 105.76 709.46 104.51 716.76   Q 102.95 725.94 101.07 733.29   C 100.40 735.92 99.21 737.68 97.09 739.09   C 93.29 741.62 85.19 746.52 82.57 740.24   C 81.50 737.66 84.55 735.94 86.55 735.04   Q 90.31 733.34 98.46 729.95   A 0.86 0.86 0.0 0 0 98.92 728.83   L 90.57 709.07   A 0.61 0.61 0.0 0 0 89.79 708.74   C 80.59 712.20 68.42 716.96 65.93 726.89   C 63.03 738.41 68.15 752.36 76.65 760.63   C 85.01 768.77 93.40 766.88 103.59 762.45   Q 110.16 759.60 115.04 755.89   C 120.61 751.66 122.52 744.76 123.89 738.17   Q 125.11 732.32 126.48 722.98   Q 127.25 717.69 131.58 715.43   C 134.82 713.74 141.32 710.47 142.59 716.51   A 1.35 1.33 -33.5 0 1 142.37 717.56   Q 141.19 719.24 139.11 720.16   Q 131.44 723.55 130.98 723.76   A 0.67 0.66 -24.6 0 0 130.65 724.62   L 138.97 744.31   A 0.87 0.87 0.0 0 0 140.07 744.79   Q 144.25 743.29 151.26 739.55   Q 157.08 736.44 158.84 731.91   Q 161.29 725.64 159.96 717.98   Q 158.03 706.95 151.59 698.93   Q 147.61 692.55 140.90 690.49   Q 136.77 689.22 132.01 690.24   Q 127.56 691.19 123.63 693.47   Z   M 975.28 737.92   A 0.55 0.55 0.0 0 0 974.58 738.26   L 967.18 758.64   A 0.65 0.64 -69.2 0 0 967.54 759.46   C 974.08 762.20 981.38 764.98 988.32 765.18   C 995.61 765.40 1002.65 759.57 1006.28 753.62   C 1011.93 744.37 1015.58 730.93 1009.96 720.80   C 1005.74 713.19 988.94 708.61 980.96 707.74   A 11.82 11.73 43.7 0 0 977.93 707.80   C 967.87 709.25 958.00 718.04 950.07 724.14   Q 947.62 726.02 945.27 726.09   C 942.02 726.20 930.18 723.20 934.63 717.32   Q 935.62 716.00 937.41 716.46   Q 942.12 717.66 947.75 720.16   A 0.88 0.87 22.0 0 0 948.93 719.66   L 956.35 699.18   A 0.40 0.39 -69.8 0 0 956.13 698.68   Q 951.38 696.85 945.27 694.93   Q 934.81 691.65 927.16 699.24   C 917.18 709.14 909.03 733.60 924.03 742.96   C 930.79 747.18 940.30 750.70 948.30 749.91   C 951.64 749.58 954.61 748.34 957.55 746.52   Q 959.51 745.31 975.04 734.41   C 980.64 730.48 985.63 732.51 992.25 735.46   A 4.31 4.30 -69.6 0 1 994.62 740.65   L 994.58 740.79   A 3.76 3.75 18.6 0 1 989.70 743.21   L 975.28 737.92   Z   M 376.77 918.53   Q 401.83 929.22 428.01 936.46   C 594.47 981.96 770.88 920.99 872.92 781.03   L 891.32 753.52   Q 901.47 737.25 909.63 720.77   A 3.20 3.19 50.9 0 0 909.86 718.52   L 907.72 710.62   A 2.45 2.44 87.2 0 0 905.77 708.85   Q 900.12 707.91 894.51 707.43   Q 886.23 706.71 868.26 707.69   Q 858.81 708.21 844.58 710.02   Q 831.45 711.68 821.03 713.51   Q 750.90 725.85 684.64 750.38   Q 657.43 760.45 634.37 772.61   Q 625.51 777.28 618.15 782.39   C 612.51 786.31 605.18 791.75 602.97 798.04   A 2.58 2.54 49.2 0 0 602.88 799.39   Q 604.39 806.50 599.60 812.65   Q 595.98 817.30 592.11 820.37   Q 581.18 829.03 568.64 835.66   Q 544.57 848.39 517.22 858.47   Q 447.57 884.14 376.16 896.27   C 365.75 898.04 353.41 899.64 341.19 900.84   A 0.24 0.24 0.0 0 0 341.10 901.29   Q 358.48 910.89 376.77 918.53   Z   M 140.88 800.42   Q 142.32 802.59 142.46 802.96   A 0.42 0.41 -27.8 0 1 142.30 803.46   L 110.79 824.35   A 0.64 0.64 0.0 0 0 110.60 825.24   L 123.49 844.69   A 0.74 0.74 0.0 0 0 124.52 844.90   L 201.22 794.07   A 0.64 0.64 0.0 0 0 201.41 793.18   L 188.50 773.71   A 0.71 0.71 0.0 0 0 187.51 773.51   L 160.85 791.18   A 0.47 0.47 0.0 0 1 160.22 791.06   Q 159.41 789.94 158.58 788.70   Q 157.76 787.45 157.04 786.27   A 0.47 0.47 0.0 0 1 157.18 785.64   L 183.85 767.98   A 0.71 0.71 0.0 0 0 184.05 766.99   L 171.15 747.51   A 0.64 0.64 0.0 0 0 170.26 747.34   L 93.55 798.15   A 0.74 0.74 0.0 0 0 93.34 799.18   L 106.22 818.64   A 0.64 0.64 0.0 0 0 107.12 818.81   L 138.64 797.94   A 0.42 0.41 -39.2 0 1 139.17 797.99   Q 139.45 798.26 140.88 800.42   Z   M 936.54 781.52   Q 940.13 773.19 933.72 767.74   C 924.53 759.93 907.78 750.08 897.31 762.41   Q 894.47 765.76 893.08 767.86   Q 885.51 779.35 876.34 794.95   A 0.71 0.70 -59.2 0 0 876.58 795.92   L 955.16 843.46   A 0.73 0.72 31.0 0 0 956.15 843.22   L 968.18 823.33   A 0.71 0.71 0.0 0 0 967.94 822.35   L 933.89 801.75   A 1.32 1.32 0.0 0 1 933.58 799.76   L 935.06 798.05   A 2.82 2.80 -59.4 0 1 938.14 797.25   Q 941.26 798.38 943.04 799.44   Q 954.88 806.53 971.50 816.62   A 0.63 0.63 0.0 0 0 972.37 816.41   L 983.55 797.93   A 0.74 0.74 0.0 0 0 983.30 796.92   Q 964.83 785.76 958.82 782.11   Q 951.23 777.51 947.91 777.34   Q 941.89 777.02 937.03 781.85   A 0.30 0.30 0.0 0 1 936.54 781.52   Z   M 923.89 853.25   A 0.59 0.59 0.0 0 0 923.06 853.32   L 912.35 865.84   A 0.59 0.59 0.0 0 1 911.52 865.91   L 897.41 853.84   A 0.59 0.59 0.0 0 1 897.34 853.01   L 906.34 842.49   A 0.59 0.59 0.0 0 0 906.27 841.66   L 893.28 830.55   A 0.59 0.59 0.0 0 0 892.45 830.62   L 883.45 841.15   A 0.59 0.59 0.0 0 1 882.62 841.22   L 870.62 830.96   A 0.59 0.59 0.0 0 1 870.55 830.13   L 880.24 818.81   A 0.59 0.59 0.0 0 0 880.17 817.98   L 866.50 806.28   A 0.59 0.59 0.0 0 0 865.67 806.35   L 839.89 836.49   A 0.59 0.59 0.0 0 0 839.96 837.32   L 910.02 897.22   A 0.59 0.59 0.0 0 0 910.85 897.15   L 937.66 865.80   A 0.59 0.59 0.0 0 0 937.59 864.97   L 923.89 853.25   Z   M 139.31 866.15   A 0.70 0.70 0.0 0 0 139.21 867.20   L 156.02 884.85   A 0.70 0.70 0.0 0 0 156.98 884.90   L 168.66 874.92   A 0.70 0.70 0.0 0 1 169.62 874.97   L 174.46 880.07   A 0.70 0.70 0.0 0 1 174.47 881.02   L 164.15 892.44   A 0.70 0.70 0.0 0 0 164.16 893.39   L 180.63 910.69   A 0.70 0.70 0.0 0 0 181.69 910.64   L 238.78 837.29   A 0.70 0.70 0.0 0 0 238.73 836.37   L 215.19 811.64   A 0.70 0.70 0.0 0 0 214.27 811.56   L 139.31 866.15   Z   M 847.26 909.92   L 804.10 868.38   A 0.58 0.58 0.0 0 0 803.32 868.35   L 784.01 884.86   A 0.33 0.33 0.0 0 0 784.01 885.36   L 854.23 946.22   A 1.23 1.22 -44.6 0 0 855.83 946.22   L 882.77 923.19   A 0.71 0.71 0.0 0 0 882.91 922.27   L 832.35 844.35   A 0.56 0.56 0.0 0 0 831.51 844.23   L 812.14 860.78   A 0.35 0.35 0.0 0 0 812.09 861.25   L 847.42 909.77   A 0.11 0.11 0.0 0 1 847.26 909.92   Z   M 217.07 942.64   A 0.09 0.09 0.0 0 0 217.19 942.62   L 249.93 896.61   A 0.09 0.09 0.0 0 1 250.09 896.70   L 223.87 947.43   A 0.09 0.09 0.0 0 0 223.89 947.55   L 236.42 956.46   A 0.09 0.09 0.0 0 0 236.53 956.45   L 275.15 915.12   A 0.09 0.09 0.0 0 1 275.28 915.11   L 275.39 915.22   A 0.09 0.09 0.0 0 1 275.40 915.33   L 242.94 960.94   A 0.09 0.09 0.0 0 0 242.96 961.06   L 260.52 973.56   A 0.09 0.09 0.0 0 0 260.64 973.54   L 314.66 897.65   A 0.09 0.09 0.0 0 0 314.64 897.53   L 288.83 879.16   A 0.09 0.09 0.0 0 0 288.72 879.17   L 260.85 909.01   A 0.09 0.09 0.0 0 1 260.70 908.91   L 279.46 872.60   A 0.09 0.09 0.0 0 0 279.44 872.48   L 253.65 854.12   A 0.09 0.09 0.0 0 0 253.53 854.14   L 199.51 930.03   A 0.09 0.09 0.0 0 0 199.53 930.15   L 217.07 942.64   Z   M 786.9489 908.5509   A 24.76 24.76 0.0 0 0 752.9292 900.2578   L 747.1702 903.7593   A 24.76 24.76 0.0 0 0 738.8771 937.7790   L 763.4711 978.2291   A 24.76 24.76 0.0 0 0 797.4908 986.5222   L 803.2498 983.0207   A 24.76 24.76 0.0 0 0 811.5429 949.0010   L 786.9489 908.5509   Z   M 347.46 963.85   Q 356.15 966.46 360.83 959.47   C 367.54 949.43 375.40 931.65 361.94 922.67   Q 358.29 920.23 356.04 919.09   Q 343.75 912.89 327.19 905.57   A 0.71 0.71 0.0 0 0 326.25 905.92   L 288.04 989.48   A 0.73 0.72 -65.6 0 0 288.39 990.44   L 309.55 1000.11   A 0.71 0.71 0.0 0 0 310.49 999.76   L 327.05 963.55   A 1.32 1.32 0.0 0 1 328.99 963.01   L 330.86 964.28   A 2.82 2.80 24.0 0 1 332.01 967.25   Q 331.25 970.48 330.40 972.38   Q 324.71 984.96 316.60 1002.64   A 0.63 0.63 0.0 0 0 316.91 1003.48   L 336.56 1012.46   A 0.74 0.74 0.0 0 0 337.53 1012.10   Q 346.50 992.46 349.44 986.07   Q 353.14 977.99 352.92 974.67   Q 352.55 968.65 347.19 964.38   A 0.30 0.30 0.0 0 1 347.46 963.85   Z   M 719.36 968.32   Q 727.28 963.90 725.51 955.68   C 722.98 943.89 715.69 925.88 699.87 929.29   Q 695.58 930.21 693.20 931.03   Q 680.20 935.54 663.43 942.33   A 0.71 0.70 -21.7 0 0 663.03 943.25   L 696.42 1028.79   A 0.73 0.72 68.5 0 0 697.35 1029.20   L 719.00 1020.75   A 0.71 0.71 0.0 0 0 719.41 1019.83   L 704.94 982.76   A 1.32 1.32 0.0 0 1 705.91 980.99   L 708.12 980.54   A 2.81 2.80 -21.9 0 1 711.05 981.78   Q 712.84 984.57 713.61 986.50   Q 718.68 999.33 725.72 1017.45   A 0.63 0.63 0.0 0 0 726.54 1017.81   L 746.66 1009.96   A 0.74 0.74 0.0 0 0 747.07 1009.01   Q 739.22 988.91 736.67 982.36   Q 733.45 974.09 730.92 971.93   Q 726.34 968.01 719.55 968.88   A 0.30 0.30 0.0 0 1 719.36 968.32   Z   M 437.6411 971.0426   A 24.56 24.56 0.0 0 0 420.4323 940.8723   L 413.6611 939.0199   A 24.56 24.56 0.0 0 0 383.4909 956.2287   L 370.8989 1002.2574   A 24.56 24.56 0.0 0 0 388.1077 1032.4277   L 394.8789 1034.2801   A 24.56 24.56 0.0 0 0 425.0491 1017.0713   L 437.6411 971.0426   Z   M 486.52 997.10   L 509.73 999.29   A 0.56 0.55 -82.9 0 0 510.33 998.82   Q 511.45 990.93 511.82 982.82   Q 512.17 975.13 510.92 970.52   C 506.51 954.22 481.01 950.34 468.37 956.33   C 461.12 959.77 456.44 966.23 455.49 974.32   Q 455.29 975.98 454.78 979.25   Q 453.99 984.30 451.04 1015.00   Q 450.38 1021.78 450.77 1029.00   C 451.62 1044.63 465.79 1050.05 479.23 1050.77   C 488.94 1051.29 500.93 1046.86 504.63 1037.56   Q 507.54 1030.25 508.80 1014.56   A 0.64 0.64 0.0 0 0 508.22 1013.87   L 485.21 1011.71   A 0.84 0.84 0.0 0 0 484.29 1012.48   Q 483.38 1023.00 482.42 1029.15   C 481.93 1032.23 480.92 1035.22 477.27 1034.28   C 473.87 1033.40 474.42 1029.07 474.68 1026.25   Q 475.04 1022.17 479.14 981.92   Q 479.72 976.28 480.74 972.13   A 1.88 1.87 -16.3 0 1 481.22 971.26   Q 483.61 968.82 486.74 970.86   A 2.03 1.94 -88.7 0 1 487.39 971.57   Q 488.25 973.20 488.05 975.25   Q 487.00 986.08 486.01 996.49   A 0.56 0.56 0.0 0 0 486.52 997.10   Z   M 555.69 991.89   A 0.23 0.23 0.0 0 1 555.26 991.80   L 553.36 959.48   A 0.68 0.67 -2.5 0 0 552.65 958.84   L 529.23 960.22   A 0.48 0.48 0.0 0 0 528.78 960.73   L 534.15 1052.41   A 0.91 0.91 0.0 0 0 535.12 1053.27   L 557.82 1051.94   A 0.90 0.90 0.0 0 0 558.67 1050.99   L 556.59 1015.54   A 0.17 0.17 0.0 0 1 556.92 1015.48   L 567.71 1050.30   A 1.43 1.43 0.0 0 0 569.17 1051.31   L 592.47 1049.95   A 0.74 0.74 0.0 0 0 593.12 1048.96   L 575.71 1000.68   A 3.43 3.42 -47.6 0 1 575.62 998.65   L 586.60 957.40   A 0.41 0.40 5.6 0 0 586.18 956.89   L 564.29 958.17   A 1.01 1.01 0.0 0 0 563.36 958.95   Q 560.03 973.59 556.72 986.98   C 556.27 988.77 556.36 990.60 555.69 991.89   Z"/>
<path fill="#ffffff" d="   M 536.80 115.55   Q 531.14 115.45 524.96 115.32   A 0.59 0.59 0.0 0 1 524.38 114.72   L 525.91 42.32   A 0.77 0.77 0.0 0 0 525.16 41.53   L 512.14 41.26   A 0.63 0.63 0.0 0 1 511.52 40.62   L 511.89 23.03   A 0.77 0.76 -88.9 0 1 512.66 22.28   Q 514.02 22.29 538.35 22.69   Q 562.69 23.10 564.05 23.14   A 0.77 0.76 -89.2 0 1 564.79 23.91   L 564.58 41.50   A 0.63 0.63 0.0 0 1 563.93 42.13   L 550.91 41.96   A 0.77 0.77 0.0 0 0 550.14 42.73   L 549.25 115.13   A 0.59 0.59 0.0 0 1 548.65 115.71   Q 542.47 115.64 536.80 115.55   Z"/>
<path fill="#ffffff" d="   M 621.99 83.81   Q 619.46 83.30 619.07 83.30   A 0.42 0.41 -84.1 0 0 618.67 83.64   L 611.14 120.45   A 0.64 0.64 0.0 0 1 610.39 120.96   L 587.67 116.32   A 0.74 0.74 0.0 0 1 587.09 115.45   L 605.40 25.84   A 0.64 0.64 0.0 0 1 606.15 25.33   L 628.90 29.99   A 0.71 0.70 -78.6 0 1 629.45 30.83   L 623.08 61.97   A 0.47 0.47 0.0 0 0 623.43 62.51   Q 624.76 62.84 626.21 63.14   Q 627.67 63.43 629.02 63.66   A 0.47 0.47 0.0 0 0 629.55 63.29   L 635.91 32.14   A 0.71 0.70 -78.3 0 1 636.74 31.59   L 659.50 36.23   A 0.64 0.64 0.0 0 1 659.99 36.99   L 641.70 126.60   A 0.74 0.74 0.0 0 1 640.83 127.17   L 618.10 122.53   A 0.64 0.64 0.0 0 1 617.61 121.78   L 625.12 84.96   A 0.42 0.41 -72.8 0 0 624.88 84.49   Q 624.52 84.33 621.99 83.81   Z"/>
<path fill="#ffffff" d="   M 471.84 27.26   A 0.36 0.35 80.8 0 1 472.24 27.55   Q 474.76 43.24 482.21 87.32   Q 483.63 95.70 483.95 102.75   Q 484.12 106.31 482.56 110.06   Q 478.33 120.28 466.90 123.69   C 454.24 127.46 438.39 126.48 431.65 113.78   C 430.15 110.94 429.16 105.88 428.40 101.37   Q 419.80 50.34 417.71 37.45   A 1.21 1.21 0.0 0 1 418.70 36.06   L 441.07 32.39   A 0.63 0.62 79.9 0 1 441.79 32.90   Q 446.86 63.78 453.66 104.11   Q 453.92 105.65 454.97 108.10   Q 455.71 109.84 458.38 109.00   A 2.30 2.29 -8.8 0 0 459.98 106.83   Q 460.01 104.12 459.68 102.09   Q 457.62 89.27 448.62 35.35   Q 448.30 33.39 448.33 31.66   A 0.65 0.64 -4.4 0 1 448.87 31.04   L 471.84 27.26   Z"/>
<path fill="#ffffff" d="   M 399.3283 115.4092   A 24.57 24.57 0.0 0 1 385.1953 147.1524   L 378.8657 149.5821   A 24.57 24.57 0.0 0 1 347.1225 135.4491   L 330.1717 91.2908   A 24.57 24.57 0.0 0 1 344.3047 59.5476   L 350.6343 57.1179   A 24.57 24.57 0.0 0 1 382.3775 71.2509   L 399.3283 115.4092   Z   M 357.8992 75.3035   A 3.40 3.40 0.0 0 0 353.5204 73.3171   L 353.4455 73.3453   A 3.40 3.40 0.0 0 0 351.4591 77.7241   L 371.6408 131.4165   A 3.40 3.40 0.0 0 0 376.0196 133.4029   L 376.0945 133.3747   A 3.40 3.40 0.0 0 0 378.0809 128.9959   L 357.8992 75.3035   Z"/>
<path fill="#ffffff" d="   M 742.37 128.67   L 735.31 142.22   A 3.74 3.73 -64.0 0 0 737.07 147.34   L 737.20 147.40   A 4.29 4.28 27.8 0 0 742.63 145.73   C 746.39 139.57 749.03 134.91 745.87 128.88   Q 737.11 112.16 736.16 110.07   C 734.74 106.94 733.90 103.85 734.00 100.51   C 734.25 92.52 738.94 83.59 743.97 77.46   C 755.13 63.86 778.22 75.04 786.70 86.15   Q 793.21 94.67 788.64 104.57   Q 785.96 110.35 783.54 114.80   A 0.39 0.39 0.0 0 1 783.02 114.96   L 763.77 105.01   A 0.87 0.87 0.0 0 1 763.43 103.78   Q 766.61 98.55 768.40 94.06   Q 769.08 92.35 767.91 91.20   C 762.68 86.06 758.20 97.36 757.89 100.58   Q 757.66 102.90 759.20 105.56   C 764.20 114.17 771.61 125.03 771.75 135.14   A 11.76 11.67 -38.9 0 1 771.42 138.14   C 769.54 145.90 762.87 161.89 754.82 165.08   C 744.11 169.33 731.31 164.00 722.91 157.24   C 717.51 152.90 712.66 145.20 713.81 138.04   C 714.90 131.22 718.57 124.37 722.12 118.27   A 0.65 0.64 28.2 0 1 722.97 118.02   L 742.13 127.93   A 0.55 0.55 0.0 0 1 742.37 128.67   Z"/>
<rect fill="#006600" x="-3.44" y="-32.08" transform="translate(364.77,103.36) rotate(-20.6)" width="6.88" height="64.16" rx="3.40"/>
<path fill="#ffffff" d="   M 289.36 157.68   L 297.46 170.63   A 3.74 3.73 56.4 0 0 302.76 171.71   L 302.88 171.63   A 4.29 4.28 -31.7 0 0 304.19 166.10   C 300.79 159.74 298.11 155.10 291.31 154.77   Q 272.46 153.84 270.18 153.60   C 266.76 153.24 263.67 152.39 260.84 150.61   C 254.08 146.35 248.76 137.78 246.03 130.33   C 239.97 113.82 261.31 99.58 275.19 97.91   Q 285.83 96.62 292.05 105.58   Q 295.67 110.82 298.28 115.16   A 0.39 0.39 0.0 0 1 298.15 115.69   L 279.82 127.24   A 0.87 0.87 0.0 0 1 278.58 126.90   Q 275.69 121.51 272.73 117.69   Q 271.60 116.24 270.01 116.66   C 262.93 118.57 270.40 128.16 273.02 130.06   Q 274.90 131.43 277.97 131.45   C 287.93 131.51 301.05 130.63 309.83 135.64   A 11.76 11.67 81.5 0 1 312.25 137.44   C 317.99 143.00 328.39 156.85 327.05 165.41   C 325.29 176.80 314.20 185.13 304.12 188.94   C 297.64 191.39 288.54 191.67 282.95 187.05   C 277.63 182.65 273.58 176.01 270.13 169.86   A 0.65 0.64 -31.3 0 1 270.34 169.00   L 288.60 157.51   A 0.55 0.55 0.0 0 1 289.36 157.68   Z"/>
<path fill="#ffffff" d="   M 851.92 126.38   Q 871.06 141.41 872.12 142.26   A 0.77 0.76 -52.0 0 1 872.24 143.33   L 861.44 157.21   A 0.63 0.63 0.0 0 1 860.55 157.32   L 850.28 149.32   A 0.77 0.77 0.0 0 0 849.20 149.46   L 804.73 206.59   A 0.59 0.59 0.0 0 1 803.91 206.69   Q 799.02 202.90 794.57 199.40   Q 790.12 195.90 785.27 192.05   A 0.59 0.59 0.0 0 1 785.18 191.23   L 830.15 134.49   A 0.77 0.77 0.0 0 0 830.03 133.41   L 819.82 125.33   A 0.63 0.63 0.0 0 1 819.72 124.44   L 830.64 110.66   A 0.77 0.76 -51.7 0 1 831.71 110.53   Q 832.78 111.35 851.92 126.38   Z"/>
<path fill="transparent" d="   M 659.05 142.10   C 625.93 150.32 593.64 156.93 560.21 168.18   C 524.83 180.08 488.01 195.19 457.64 217.35   Q 439.57 230.54 426.87 250.89   Q 421.25 259.90 417.29 266.30   C 407.81 281.59 394.91 292.73 379.60 301.34   Q 357.30 313.88 332.65 322.51   C 303.25 332.81 274.98 340.75 245.19 344.83   Q 209.38 349.74 174.99 340.21   Q 224.70 249.89 309.09 193.56   Q 404.60 129.82 522.51 124.41   Q 528.55 124.14 543.34 124.30   Q 555.79 124.43 564.14 124.94   Q 612.47 127.90 659.05 142.10   Z" stroke="transparent" style="display:none;"/>
<path fill="transparent" d="   M 680.91 149.43   C 653.85 157.01 621.85 162.97 600.86 167.93   Q 573.75 174.34 547.39 183.52   Q 519.96 193.08 484.03 212.81   C 464.08 223.76 446.57 237.40 434.81 257.02   C 424.42 274.36 419.19 285.22 408.19 295.19   Q 398.33 304.12 383.81 311.61   C 349.33 329.40 313.39 341.17 274.83 350.34   Q 250.36 356.15 226.33 357.30   C 206.63 358.24 188.52 356.75 170.38 348.88   L 174.99 340.21   Q 209.38 349.74 245.19 344.83   C 274.98 340.75 303.25 332.81 332.65 322.51   Q 357.30 313.88 379.60 301.34   C 394.91 292.73 407.81 281.59 417.29 266.30   Q 421.25 259.90 426.87 250.89   Q 439.57 230.54 457.64 217.35   C 488.01 195.19 524.83 180.08 560.21 168.18   C 593.64 156.93 625.93 150.32 659.05 142.10   L 680.91 149.43   Z" stroke="transparent" style="display:none;"/>
<path fill="transparent" d="   M 705.87 159.51   C 644.98 172.42 583.11 178.74 524.08 206.88   Q 503.84 216.52 489.77 224.26   C 470.56 234.83 455.56 247.21 444.30 266.74   Q 440.30 273.69 434.25 283.60   C 423.69 300.92 409.98 312.72 391.29 322.51   C 354.04 342.02 310.75 356.13 268.97 364.58   Q 231.99 372.07 195.14 368.87   Q 183.46 367.86 165.40 362.33   A 0.57 0.57 0.0 0 1 165.03 361.61   Q 166.33 357.80 166.91 356.94   Q 168.46 354.60 168.34 352.67   L 170.38 348.88   C 188.52 356.75 206.63 358.24 226.33 357.30   Q 250.36 356.15 274.83 350.34   C 313.39 341.17 349.33 329.40 383.81 311.61   Q 398.33 304.12 408.19 295.19   C 419.19 285.22 424.42 274.36 434.81 257.02   C 446.57 237.40 464.08 223.76 484.03 212.81   Q 519.96 193.08 547.39 183.52   Q 573.75 174.34 600.86 167.93   C 621.85 162.97 653.85 157.01 680.91 149.43   L 705.87 159.51   Z" stroke="transparent" style="display:none;"/>
<path fill="transparent" d="   M 168.34 352.67   Q 168.46 354.60 166.91 356.94   Q 166.33 357.80 165.03 361.61   A 0.57 0.57 0.0 0 0 165.40 362.33   Q 183.46 367.86 195.14 368.87   Q 231.99 372.07 268.97 364.58   C 310.75 356.13 354.04 342.02 391.29 322.51   C 409.98 312.72 423.69 300.92 434.25 283.60   Q 440.30 273.69 444.30 266.74   C 455.56 247.21 470.56 234.83 489.77 224.26   Q 503.84 216.52 524.08 206.88   C 583.11 178.74 644.98 172.42 705.87 159.51   Q 732.31 171.17 757.07 186.72   Q 757.23 186.83 757.07 186.96   A 0.07 0.06 41.4 0 1 756.98 186.96   Q 756.68 186.71 756.18 186.64   Q 737.90 183.78 718.00 184.61   C 674.85 186.39 631.60 195.04 590.06 208.08   Q 575.39 212.69 561.68 217.66   Q 536.60 226.75 513.15 238.89   C 496.18 247.67 456.39 270.50 459.78 293.28   Q 460.57 298.59 460.29 299.75   C 457.79 310.06 447.15 319.31 438.68 325.44   Q 423.22 336.64 405.60 345.34   Q 376.45 359.75 343.72 370.44   Q 294.49 386.53 243.47 393.46   C 227.51 395.63 210.63 396.67 194.75 396.36   C 180.79 396.08 166.16 394.50 153.47 388.48   A 0.76 0.75 -66.6 0 1 153.10 387.53   Q 159.87 369.90 168.34 352.67   Z" stroke="transparent" style="display:none;"/>
<path fill="#ffffff" d="   M 847.87 245.08   A 0.70 0.70 0.0 0 1 846.92 244.99   L 830.60 226.78   A 0.33 0.33 0.0 0 1 830.66 226.28   L 907.25 174.00   A 0.67 0.66 -37.7 0 1 908.13 174.11   L 930.73 199.35   A 0.83 0.83 0.0 0 1 930.76 200.44   L 871.90 271.49   A 0.81 0.81 0.0 0 1 870.67 271.51   L 855.17 254.21   A 1.12 1.12 0.0 0 1 855.19 252.69   L 865.38 242.04   A 0.91 0.90 -44.0 0 0 865.40 240.82   L 861.16 235.99   A 0.88 0.87 50.5 0 0 859.98 235.88   L 847.87 245.08   Z   M 875.48 226.59   Q 876.53 227.80 877.69 228.87   A 0.51 0.51 0.0 0 0 878.41 228.85   Q 901.78 204.24 901.57 204.00   Q 901.36 203.76 873.67 223.37   A 0.51 0.51 0.0 0 0 873.54 224.08   Q 874.44 225.39 875.48 226.59   Z"/>
<path fill="#ffffff" d="   M 212.41 241.15   A 0.72 0.72 0.0 0 0 213.44 241.11   L 224.51 229.32   A 0.64 0.63 -46.6 0 1 225.41 229.28   L 238.48 241.56   A 0.56 0.56 0.0 0 1 238.50 242.36   L 210.37 272.19   A 0.67 0.67 0.0 0 1 209.42 272.21   L 142.84 209.38   A 0.64 0.63 43.7 0 1 142.81 208.48   L 169.82 179.78   A 0.56 0.55 -47.0 0 1 170.60 179.75   L 183.42 191.77   A 0.97 0.97 0.0 0 1 183.46 193.14   L 173.51 203.71   A 0.54 0.53 43.6 0 0 173.53 204.46   L 184.91 215.22   A 0.69 0.68 -46.6 0 0 185.87 215.19   L 195.23 205.28   A 0.63 0.63 0.0 0 1 196.12 205.25   L 208.54 216.92   A 0.51 0.51 0.0 0 1 208.57 217.64   L 198.91 227.84   A 0.42 0.42 0.0 0 0 198.93 228.43   L 212.41 241.15   Z"/>
<path fill="#006600" d="   M 875.48 226.59   Q 874.44 225.39 873.54 224.08   A 0.51 0.51 0.0 0 1 873.67 223.37   Q 901.36 203.76 901.57 204.00   Q 901.78 204.24 878.41 228.85   A 0.51 0.51 0.0 0 1 877.69 228.87   Q 876.53 227.80 875.48 226.59   Z"/>
<path fill="transparent" d="   M 868.05 287.91   C 870.77 309.66 875.01 324.71 881.66 349.51   C 887.28 370.51 891.61 391.12 897.44 412.20   Q 913.87 471.60 929.29 530.89   C 934.15 549.60 940.50 571.77 948.45 592.23   Q 943.52 630.08 931.48 666.75   A 0.26 0.26 0.0 0 1 930.98 666.74   L 812.57 228.35   A 0.12 0.12 0.0 0 1 812.76 228.23   Q 835.61 248.65 855.52 272.22   Q 862.02 279.92 868.05 287.91   Z" stroke="transparent" style="display:none;"/>
<path fill="#ffffff" d="   M 949.77 289.48   A 0.22 0.22 0.0 0 0 950.05 289.81   L 982.33 270.12   A 0.87 0.87 0.0 0 1 983.52 270.41   L 993.46 286.71   A 0.70 0.70 0.0 0 1 993.23 287.67   L 915.16 335.29   A 0.69 0.69 0.0 0 1 914.21 335.06   L 903.62 317.70   A 0.76 0.76 0.0 0 1 903.71 316.79   L 930.81 286.81   A 0.13 0.13 0.0 0 0 930.65 286.61   L 897.97 306.54   A 0.99 0.98 -31.2 0 1 896.61 306.21   L 886.60 289.80   A 0.46 0.46 0.0 0 1 886.75 289.17   L 965.05 241.41   A 0.69 0.69 0.0 0 1 965.99 241.64   L 976.16 258.32   A 0.68 0.68 0.0 0 1 976.09 259.11   L 949.77 289.48   Z"/>
<path fill="#ffffff" d="   M 145.85 297.33   Q 144.43 299.49 144.28 299.85   A 0.42 0.41 27.8 0 0 144.44 300.35   L 175.79 321.07   A 0.64 0.64 0.0 0 1 175.98 321.95   L 163.19 341.30   A 0.74 0.74 0.0 0 1 162.17 341.51   L 85.88 291.10   A 0.64 0.64 0.0 0 1 85.69 290.22   L 98.49 270.85   A 0.71 0.70 33.3 0 1 99.47 270.65   L 125.99 288.18   A 0.47 0.47 0.0 0 0 126.62 288.06   Q 127.42 286.94 128.24 285.70   Q 129.06 284.47 129.77 283.29   A 0.47 0.47 0.0 0 0 129.63 282.67   L 103.11 265.15   A 0.71 0.70 33.6 0 1 102.90 264.17   L 115.69 244.79   A 0.64 0.64 0.0 0 1 116.58 244.62   L 192.88 295.01   A 0.74 0.74 0.0 0 1 193.09 296.03   L 180.32 315.38   A 0.64 0.64 0.0 0 1 179.43 315.56   L 148.07 294.86   A 0.42 0.41 39.1 0 0 147.55 294.91   Q 147.27 295.18 145.85 297.33   Z"/>
<path fill="transparent" d="   M 868.05 287.91   Q 940.51 384.18 950.70 504.29   Q 951.23 510.50 951.46 517.77   Q 951.68 524.50 951.81 531.26   Q 952.39 561.85 948.45 592.23   C 940.50 571.77 934.15 549.60 929.29 530.89   Q 913.87 471.60 897.44 412.20   C 891.61 391.12 887.28 370.51 881.66 349.51   C 875.01 324.71 870.77 309.66 868.05 287.91   Z" stroke="transparent" style="display:none;"/>
<path fill="#ffffff" d="   M 929.00 358.85   L 1014.51 326.81   A 1.01 1.00 -20.5 0 1 1015.81 327.40   Q 1019.98 338.65 1024.11 349.88   Q 1027.12 358.05 1028.51 365.96   Q 1030.23 375.73 1022.19 382.67   Q 1020.46 384.16 1012.77 387.26   Q 1005.16 390.33 971.99 402.72   Q 964.70 405.45 960.04 406.32   C 950.05 408.18 944.70 401.63 941.47 393.32   Q 934.04 374.20 928.65 359.61   A 0.59 0.59 0.0 0 1 929.00 358.85   Z   M 1008.11 355.44   L 953.13 376.11   A 0.75 0.75 0.0 0 0 952.69 377.07   L 952.98 377.83   A 5.55 5.42 -20.6 0 0 960.08 380.95   L 1006.08 363.66   A 5.55 5.42 -20.6 0 0 1009.37 356.64   L 1009.08 355.88   A 0.75 0.75 0.0 0 0 1008.11 355.44   Z"/>
<path fill="#ffffff" d="   M 143.06 388.12   Q 140.83 393.32 138.36 398.99   A 0.59 0.59 0.0 0 1 137.59 399.30   L 71.18 370.44   A 0.77 0.77 0.0 0 0 70.16 370.83   L 64.98 382.77   A 0.63 0.63 0.0 0 1 64.14 383.10   L 48.01 376.09   A 0.77 0.76 23.4 0 1 47.61 375.09   Q 48.13 373.84 57.73 351.48   Q 67.34 329.11 67.89 327.87   A 0.77 0.76 23.1 0 1 68.89 327.48   L 85.08 334.34   A 0.63 0.63 0.0 0 1 85.42 335.18   L 80.33 347.16   A 0.77 0.77 0.0 0 0 80.74 348.17   L 147.40 376.45   A 0.59 0.59 0.0 0 1 147.71 377.22   Q 145.30 382.92 143.06 388.12   Z"/>
<path fill="#006600" d="   M 1008.11 355.44   A 0.75 0.75 0.0 0 1 1009.08 355.88   L 1009.37 356.64   A 5.55 5.42 -20.6 0 1 1006.08 363.66   L 960.08 380.95   A 5.55 5.42 -20.6 0 1 952.98 377.83   L 952.69 377.07   A 0.75 0.75 0.0 0 1 953.13 376.11   L 1008.11 355.44   Z"/>
<path fill="transparent" d="   M 227.66 810.64   Q 226.28 797.85 222.84 782.73   Q 215.36 749.85 209.78 729.62   Q 197.16 683.82 183.97 634.25   C 171.91 588.91 161.10 549.63 148.88 503.38   Q 144.78 487.85 140.24 474.51   Q 137.60 466.78 132.52 458.24   Q 137.33 433.17 145.35 408.96   A 0.36 0.35 46.6 0 1 146.03 408.98   Q 178.18 528.63 204.66 626.81   Q 204.86 627.57 204.90 629.04   A 5.59 5.58 36.8 0 0 205.08 630.28   L 263.11 846.17   A 0.12 0.12 0.0 0 1 262.91 846.28   Q 262.08 845.32 260.60 844.41   A 4.28 4.24 83.1 0 1 259.83 843.80   C 247.93 831.99 238.17 822.68 227.66 810.64   Z" stroke="transparent" style="display:none;"/>
<path fill="#ffffff" d="   M 905.05 701.56   A 0.11 0.11 0.0 0 1 904.92 701.70   Q 897.59 700.38 889.63 700.42   A 7.03 6.97 50.0 0 1 888.34 700.30   Q 885.27 699.71 881.56 700.04   C 874.54 700.68 866.74 700.63 860.69 701.19   Q 840.78 703.04 825.00 705.68   Q 740.31 719.83 662.31 751.53   Q 649.85 756.59 632.04 765.77   Q 615.61 774.23 603.91 784.62   Q 598.43 789.49 596.12 796.28   A 5.23 5.08 -39.1 0 0 595.87 798.40   Q 595.89 798.59 595.94 803.92   C 595.97 807.31 590.21 812.74 587.47 814.98   C 577.30 823.27 565.03 829.89 553.05 835.57   Q 524.74 849.00 492.86 859.58   C 441.77 876.53 389.29 889.22 336.26 894.22   Q 332.20 894.60 329.04 894.29   A 2.32 2.30 -26.7 0 1 328.09 893.98   Q 299.68 876.93 273.89 855.84   A 3.47 3.44 -78.2 0 1 272.72 854.03   L 214.52 638.57   A 0.33 0.33 0.0 0 1 214.95 638.17   Q 219.18 639.78 222.70 640.33   Q 237.85 642.73 254.26 641.88   Q 279.22 640.59 302.94 636.65   Q 367.86 625.87 429.55 604.61   C 455.06 595.81 478.87 586.36 502.26 573.53   Q 516.86 565.52 526.65 555.96   Q 531.74 550.99 533.23 544.75   A 2.12 2.06 50.5 0 0 533.28 544.14   L 532.98 539.06   A 5.26 5.24 -32.2 0 1 533.64 536.19   C 535.75 532.40 539.40 528.75 542.90 526.11   Q 554.04 517.67 566.72 511.21   Q 592.73 497.97 620.14 488.17   Q 675.36 468.41 731.96 456.93   Q 760.09 451.22 788.43 448.37   C 799.34 447.27 809.65 447.21 819.75 447.31   Q 827.70 447.38 835.74 448.88   A 1.82 1.82 0.0 0 1 837.16 450.19   L 905.05 701.56   Z"/>
<path fill="transparent" d="   M 227.66 810.64   Q 211.08 791.94 197.21 771.34   C 193.31 748.95 185.61 726.37 180.38 705.83   C 172.75 675.80 165.86 653.05 158.95 625.09   Q 156.25 614.15 148.87 587.65   Q 144.49 571.95 136.85 539.94   Q 133.31 525.15 125.88 508.07   Q 127.65 482.95 132.52 458.24   Q 137.60 466.78 140.24 474.51   Q 144.78 487.85 148.88 503.38   C 161.10 549.63 171.91 588.91 183.97 634.25   Q 197.16 683.82 209.78 729.62   Q 215.36 749.85 222.84 782.73   Q 226.28 797.85 227.66 810.64   Z" stroke="transparent" style="display:none;"/>
<path fill="#ffffff" d="   M 71.81 491.05   Q 72.14 491.05 72.28 491.54   Q 76.86 508.68 82.99 531.84   A 0.75 0.74 -8.5 0 0 83.75 532.40   L 123.57 530.70   A 0.43 0.42 26.1 0 1 123.84 531.47   L 90.69 554.59   A 1.05 1.05 0.0 0 0 90.31 555.80   L 104.40 594.89   A 0.51 0.51 0.0 0 1 103.60 595.45   Q 82.75 577.98 72.10 569.28   C 72.02 569.21 72.05 569.22 71.90 569.22   C 71.69 569.22 71.71 569.21 71.63 569.28   Q 60.99 577.99 40.15 595.47   A 0.51 0.51 0.0 0 1 39.35 594.91   L 53.42 555.81   A 1.05 1.05 0.0 0 0 53.04 554.60   L 19.87 531.50   A 0.43 0.42 -26.1 0 1 20.14 530.73   L 59.96 532.41   A 0.75 0.74 8.5 0 0 60.72 531.85   Q 66.84 508.68 71.42 491.54   Q 71.55 491.05 71.81 491.05   Z"/>
<path fill="#ffffff" d="   M 1008.14 569.24   C 1007.99 569.24 1008.02 569.23 1007.94 569.30   Q 997.29 578.01 976.43 595.50   A 0.51 0.51 0.0 0 1 975.63 594.94   L 989.71 555.82   A 1.05 1.05 0.0 0 0 989.33 554.61   L 956.15 531.49   A 0.43 0.42 -26.1 0 1 956.42 530.72   L 996.26 532.41   A 0.75 0.74 8.5 0 0 997.02 531.84   Q 1003.15 508.67 1007.73 491.52   Q 1007.86 491.03 1008.19 491.03   Q 1008.46 491.03 1008.59 491.52   Q 1013.17 508.67 1019.30 531.84   A 0.75 0.74 -8.5 0 0 1020.06 532.40   L 1059.90 530.70   A 0.43 0.42 26.1 0 1 1060.17 531.48   L 1027.00 554.60   A 1.05 1.05 0.0 0 0 1026.62 555.81   L 1040.72 594.93   A 0.51 0.51 0.0 0 1 1039.91 595.49   Q 1019.06 578.00 1008.40 569.30   C 1008.32 569.23 1008.35 569.24 1008.14 569.24   Z"/>
<path fill="transparent" d="   M 197.21 771.34   Q 168.62 730.51 151.55 683.77   A 2.78 2.26 25.0 0 0 151.35 683.36   Q 150.30 681.59 150.11 679.86   A 2.04 2.04 0.0 0 0 149.97 679.30   Q 148.49 675.65 145.64 666.96   Q 120.23 589.50 125.88 508.07   Q 133.31 525.15 136.85 539.94   Q 144.49 571.95 148.87 587.65   Q 156.25 614.15 158.95 625.09   C 165.86 653.05 172.75 675.80 180.38 705.83   C 185.61 726.37 193.31 748.95 197.21 771.34   Z" stroke="transparent" style="display:none;"/>
<path fill="#5b9357" d="   M 151.59 698.93   Q 145.34 692.24 137.91 690.64   A 3.52 3.51 -40.7 0 0 136.96 690.57   Q 130.39 691.08 123.63 693.47   Q 127.56 691.19 132.01 690.24   Q 136.77 689.22 140.90 690.49   Q 147.61 692.55 151.59 698.93   Z"/>
<path fill="#ffffff" d="   M 151.59 698.93   Q 158.03 706.95 159.96 717.98   Q 161.29 725.64 158.84 731.91   Q 157.08 736.44 151.26 739.55   Q 144.25 743.29 140.07 744.79   A 0.87 0.87 0.0 0 1 138.97 744.31   L 130.65 724.62   A 0.67 0.66 -24.6 0 1 130.98 723.76   Q 131.44 723.55 139.11 720.16   Q 141.19 719.24 142.37 717.56   A 1.35 1.33 -33.5 0 0 142.59 716.51   C 141.32 710.47 134.82 713.74 131.58 715.43   Q 127.25 717.69 126.48 722.98   Q 125.11 732.32 123.89 738.17   C 122.52 744.76 120.61 751.66 115.04 755.89   Q 110.16 759.60 103.59 762.45   C 93.40 766.88 85.01 768.77 76.65 760.63   C 68.15 752.36 63.03 738.41 65.93 726.89   C 68.42 716.96 80.59 712.20 89.79 708.74   A 0.61 0.61 0.0 0 1 90.57 709.07   L 98.92 728.83   A 0.86 0.86 0.0 0 1 98.46 729.95   Q 90.31 733.34 86.55 735.04   C 84.55 735.94 81.50 737.66 82.57 740.24   C 85.19 746.52 93.29 741.62 97.09 739.09   C 99.21 737.68 100.40 735.92 101.07 733.29   Q 102.95 725.94 104.51 716.76   C 105.76 709.46 108.01 702.61 114.65 698.15   Q 118.52 695.55 123.63 693.47   Q 130.39 691.08 136.96 690.57   A 3.52 3.51 -40.7 0 1 137.91 690.64   Q 145.34 692.24 151.59 698.93   Z"/>
<path fill="#ffffff" d="   M 975.28 737.92   L 989.70 743.21   A 3.76 3.75 18.6 0 0 994.58 740.79   L 994.62 740.65   A 4.31 4.30 -69.6 0 0 992.25 735.46   C 985.63 732.51 980.64 730.48 975.04 734.41   Q 959.51 745.31 957.55 746.52   C 954.61 748.34 951.64 749.58 948.30 749.91   C 940.30 750.70 930.79 747.18 924.03 742.96   C 909.03 733.60 917.18 709.14 927.16 699.24   Q 934.81 691.65 945.27 694.93   Q 951.38 696.85 956.13 698.68   A 0.40 0.39 -69.8 0 1 956.35 699.18   L 948.93 719.66   A 0.88 0.87 22.0 0 1 947.75 720.16   Q 942.12 717.66 937.41 716.46   Q 935.62 716.00 934.63 717.32   C 930.18 723.20 942.02 726.20 945.27 726.09   Q 947.62 726.02 950.07 724.14   C 958.00 718.04 967.87 709.25 977.93 707.80   A 11.82 11.73 43.7 0 1 980.96 707.74   C 988.94 708.61 1005.74 713.19 1009.96 720.80   C 1015.58 730.93 1011.93 744.37 1006.28 753.62   C 1002.65 759.57 995.61 765.40 988.32 765.18   C 981.38 764.98 974.08 762.20 967.54 759.46   A 0.65 0.64 -69.2 0 1 967.18 758.64   L 974.58 738.26   A 0.55 0.55 0.0 0 1 975.28 737.92   Z"/>
<path fill="transparent" d="   M 891.32 753.52   Q 886.47 745.88 883.81 743.12   Q 872.89 731.81 856.43 731.31   Q 847.34 731.04 838.32 732.30   Q 816.47 735.37 792.31 741.44   Q 762.53 748.92 742.53 754.09   C 715.28 761.13 687.47 772.66 661.36 785.38   Q 637.65 796.92 621.52 816.75   Q 618.41 820.58 611.66 828.40   Q 600.22 841.64 585.41 850.40   Q 554.75 868.53 521.45 880.20   C 481.72 894.12 442.40 903.28 400.52 911.95   Q 393.36 913.43 376.77 918.53   Q 358.48 910.89 341.10 901.29   A 0.24 0.24 0.0 0 1 341.19 900.84   C 353.41 899.64 365.75 898.04 376.16 896.27   Q 447.57 884.14 517.22 858.47   Q 544.57 848.39 568.64 835.66   Q 581.18 829.03 592.11 820.37   Q 595.98 817.30 599.60 812.65   Q 604.39 806.50 602.88 799.39   A 2.58 2.54 49.2 0 1 602.97 798.04   C 605.18 791.75 612.51 786.31 618.15 782.39   Q 625.51 777.28 634.37 772.61   Q 657.43 760.45 684.64 750.38   Q 750.90 725.85 821.03 713.51   Q 831.45 711.68 844.58 710.02   Q 858.81 708.21 868.26 707.69   Q 886.23 706.71 894.51 707.43   Q 900.12 707.91 905.77 708.85   A 2.45 2.44 87.2 0 1 907.72 710.62   L 909.86 718.52   A 3.20 3.19 50.9 0 1 909.63 720.77   Q 901.47 737.25 891.32 753.52   Z" stroke="transparent" style="display:none;"/>
<path fill="transparent" d="   M 891.32 753.52   L 872.92 781.03   Q 867.78 774.60 865.23 772.32   Q 853.82 762.14 837.80 762.54   Q 827.31 762.80 819.71 764.31   Q 789.34 770.31 754.26 779.37   Q 716.58 789.11 686.68 804.04   C 668.97 812.89 655.82 820.08 643.79 832.79   Q 641.38 835.32 631.30 846.57   Q 617.42 862.05 598.30 873.05   C 562.98 893.37 527.09 907.74 488.69 920.63   C 468.91 927.27 448.21 931.37 428.01 936.46   Q 401.83 929.22 376.77 918.53   Q 393.36 913.43 400.52 911.95   C 442.40 903.28 481.72 894.12 521.45 880.20   Q 554.75 868.53 585.41 850.40   Q 600.22 841.64 611.66 828.40   Q 618.41 820.58 621.52 816.75   Q 637.65 796.92 661.36 785.38   C 687.47 772.66 715.28 761.13 742.53 754.09   Q 762.53 748.92 792.31 741.44   Q 816.47 735.37 838.32 732.30   Q 847.34 731.04 856.43 731.31   Q 872.89 731.81 883.81 743.12   Q 886.47 745.88 891.32 753.52   Z" stroke="transparent" style="display:none;"/>
<path fill="#ffffff" d="   M 158.58 788.70   Q 159.41 789.94 160.22 791.06   A 0.47 0.47 0.0 0 0 160.85 791.18   L 187.51 773.51   A 0.71 0.71 0.0 0 1 188.50 773.71   L 201.41 793.18   A 0.64 0.64 0.0 0 1 201.22 794.07   L 124.52 844.90   A 0.74 0.74 0.0 0 1 123.49 844.69   L 110.60 825.24   A 0.64 0.64 0.0 0 1 110.79 824.35   L 142.30 803.46   A 0.42 0.41 -27.8 0 0 142.46 802.96   Q 142.32 802.59 140.88 800.42   Q 139.45 798.26 139.17 797.99   A 0.42 0.41 -39.2 0 0 138.64 797.94   L 107.12 818.81   A 0.64 0.64 0.0 0 1 106.22 818.64   L 93.34 799.18   A 0.74 0.74 0.0 0 1 93.55 798.15   L 170.26 747.34   A 0.64 0.64 0.0 0 1 171.15 747.51   L 184.05 766.99   A 0.71 0.71 0.0 0 1 183.85 767.98   L 157.18 785.64   A 0.47 0.47 0.0 0 0 157.04 786.27   Q 157.76 787.45 158.58 788.70   Z"/>
<path fill="#ffffff" d="   M 936.54 781.52   A 0.30 0.30 0.0 0 0 937.03 781.85   Q 941.89 777.02 947.91 777.34   Q 951.23 777.51 958.82 782.11   Q 964.83 785.76 983.30 796.92   A 0.74 0.74 0.0 0 1 983.55 797.93   L 972.37 816.41   A 0.63 0.63 0.0 0 1 971.50 816.62   Q 954.88 806.53 943.04 799.44   Q 941.26 798.38 938.14 797.25   A 2.82 2.80 -59.4 0 0 935.06 798.05   L 933.58 799.76   A 1.32 1.32 0.0 0 0 933.89 801.75   L 967.94 822.35   A 0.71 0.71 0.0 0 1 968.18 823.33   L 956.15 843.22   A 0.73 0.72 31.0 0 1 955.16 843.46   L 876.58 795.92   A 0.71 0.70 -59.2 0 1 876.34 794.95   Q 885.51 779.35 893.08 767.86   Q 894.47 765.76 897.31 762.41   C 907.78 750.08 924.53 759.93 933.72 767.74   Q 940.13 773.19 936.54 781.52   Z   M 903.32 783.20   L 919.53 793.06   A 0.46 0.46 0.0 0 0 920.17 792.91   L 920.86 791.76   A 5.17 4.92 31.3 0 0 919.00 784.87   L 910.83 779.91   A 5.17 4.92 31.3 0 0 903.86 781.42   L 903.16 782.57   A 0.46 0.46 0.0 0 0 903.32 783.20   Z"/>
<path fill="transparent" d="   M 872.92 781.03   C 770.88 920.99 594.47 981.96 428.01 936.46   C 448.21 931.37 468.91 927.27 488.69 920.63   C 527.09 907.74 562.98 893.37 598.30 873.05   Q 617.42 862.05 631.30 846.57   Q 641.38 835.32 643.79 832.79   C 655.82 820.08 668.97 812.89 686.68 804.04   Q 716.58 789.11 754.26 779.37   Q 789.34 770.31 819.71 764.31   Q 827.31 762.80 837.80 762.54   Q 853.82 762.14 865.23 772.32   Q 867.78 774.60 872.92 781.03   Z" stroke="transparent" style="display:none;"/>
<path fill="#006600" d="   M 903.32 783.20   A 0.46 0.46 0.0 0 1 903.16 782.57   L 903.86 781.42   A 5.17 4.92 31.3 0 1 910.83 779.91   L 919.00 784.87   A 5.17 4.92 31.3 0 1 920.86 791.76   L 920.17 792.91   A 0.46 0.46 0.0 0 1 919.53 793.06   L 903.32 783.20   Z"/>
<path fill="#ffffff" d="   M 923.89 853.25   L 937.59 864.97   A 0.59 0.59 0.0 0 1 937.66 865.80   L 910.85 897.15   A 0.59 0.59 0.0 0 1 910.02 897.22   L 839.96 837.32   A 0.59 0.59 0.0 0 1 839.89 836.49   L 865.67 806.35   A 0.59 0.59 0.0 0 1 866.50 806.28   L 880.17 817.98   A 0.59 0.59 0.0 0 1 880.24 818.81   L 870.55 830.13   A 0.59 0.59 0.0 0 0 870.62 830.96   L 882.62 841.22   A 0.59 0.59 0.0 0 0 883.45 841.15   L 892.45 830.62   A 0.59 0.59 0.0 0 1 893.28 830.55   L 906.27 841.66   A 0.59 0.59 0.0 0 1 906.34 842.49   L 897.34 853.01   A 0.59 0.59 0.0 0 0 897.41 853.84   L 911.52 865.91   A 0.59 0.59 0.0 0 0 912.35 865.84   L 923.06 853.32   A 0.59 0.59 0.0 0 1 923.89 853.25   Z"/>
<path fill="#ffffff" d="   M 139.31 866.15   L 214.27 811.56   A 0.70 0.70 0.0 0 1 215.19 811.64   L 238.73 836.37   A 0.70 0.70 0.0 0 1 238.78 837.29   L 181.69 910.64   A 0.70 0.70 0.0 0 1 180.63 910.69   L 164.16 893.39   A 0.70 0.70 0.0 0 1 164.15 892.44   L 174.47 881.02   A 0.70 0.70 0.0 0 0 174.46 880.07   L 169.62 874.97   A 0.70 0.70 0.0 0 0 168.66 874.92   L 156.98 884.90   A 0.70 0.70 0.0 0 1 156.02 884.85   L 139.21 867.20   A 0.70 0.70 0.0 0 1 139.31 866.15   Z   M 184.05 865.38   Q 185.15 866.56 186.36 867.62   A 0.52 0.52 0.0 0 0 187.09 867.57   Q 209.98 841.82 209.76 841.59   Q 209.54 841.35 182.10 862.17   A 0.52 0.52 0.0 0 0 181.99 862.89   Q 182.95 864.19 184.05 865.38   Z"/>
<path fill="#006600" d="   M 209.76 841.59   Q 209.98 841.82 187.09 867.57   A 0.52 0.52 0.0 0 1 186.36 867.62   Q 185.15 866.56 184.05 865.38   Q 182.95 864.19 181.99 862.89   A 0.52 0.52 0.0 0 1 182.10 862.17   Q 209.54 841.35 209.76 841.59   Z"/>
<path fill="#ffffff" d="   M 847.42 909.77   L 812.09 861.25   A 0.35 0.35 0.0 0 1 812.14 860.78   L 831.51 844.23   A 0.56 0.56 0.0 0 1 832.35 844.35   L 882.91 922.27   A 0.71 0.71 0.0 0 1 882.77 923.19   L 855.83 946.22   A 1.23 1.22 -44.6 0 1 854.23 946.22   L 784.01 885.36   A 0.33 0.33 0.0 0 1 784.01 884.86   L 803.32 868.35   A 0.58 0.58 0.0 0 1 804.10 868.38   L 847.26 909.92   A 0.11 0.11 0.0 0 0 847.42 909.77   Z"/>
<path fill="#ffffff" d="   M 217.07 942.64   L 199.53 930.15   A 0.09 0.09 0.0 0 1 199.51 930.03   L 253.53 854.14   A 0.09 0.09 0.0 0 1 253.65 854.12   L 279.44 872.48   A 0.09 0.09 0.0 0 1 279.46 872.60   L 260.70 908.91   A 0.09 0.09 0.0 0 0 260.85 909.01   L 288.72 879.17   A 0.09 0.09 0.0 0 1 288.83 879.16   L 314.64 897.53   A 0.09 0.09 0.0 0 1 314.66 897.65   L 260.64 973.54   A 0.09 0.09 0.0 0 1 260.52 973.56   L 242.96 961.06   A 0.09 0.09 0.0 0 1 242.94 960.94   L 275.40 915.33   A 0.09 0.09 0.0 0 0 275.39 915.22   L 275.28 915.11   A 0.09 0.09 0.0 0 0 275.15 915.12   L 236.53 956.45   A 0.09 0.09 0.0 0 1 236.42 956.46   L 223.89 947.55   A 0.09 0.09 0.0 0 1 223.87 947.43   L 250.09 896.70   A 0.09 0.09 0.0 0 0 249.93 896.61   L 217.19 942.62   A 0.09 0.09 0.0 0 1 217.07 942.64   Z   M 276.6478 913.5121   A 0.65 0.18 -50.0 0 0 276.0921 913.8943   A 0.65 0.18 -50.0 0 0 275.8122 914.5079   A 0.65 0.18 -50.0 0 0 276.3679 914.1257   A 0.65 0.18 -50.0 0 0 276.6478 913.5121   Z"/>
<path fill="#ffffff" d="   M 811.5429 949.0010   A 24.76 24.76 0.0 0 1 803.2498 983.0207   L 797.4908 986.5222   A 24.76 24.76 0.0 0 1 763.4711 978.2291   L 738.8771 937.7790   A 24.76 24.76 0.0 0 1 747.1702 903.7593   L 752.9292 900.2578   A 24.76 24.76 0.0 0 1 786.9489 908.5509   L 811.5429 949.0010   Z   M 763.3801 916.8489   A 3.41 3.41 0.0 0 0 758.7029 915.6740   L 758.6342 915.7151   A 3.41 3.41 0.0 0 0 757.4594 920.3923   L 787.0599 969.8511   A 3.41 3.41 0.0 0 0 791.7371 971.0260   L 791.8058 970.9849   A 3.41 3.41 0.0 0 0 792.9806 966.3077   L 763.3801 916.8489   Z"/>
<path fill="#ffffff" d="   M 347.46 963.85   A 0.30 0.30 0.0 0 0 347.19 964.38   Q 352.55 968.65 352.92 974.67   Q 353.14 977.99 349.44 986.07   Q 346.50 992.46 337.53 1012.10   A 0.74 0.74 0.0 0 1 336.56 1012.46   L 316.91 1003.48   A 0.63 0.63 0.0 0 1 316.60 1002.64   Q 324.71 984.96 330.40 972.38   Q 331.25 970.48 332.01 967.25   A 2.82 2.80 24.0 0 0 330.86 964.28   L 328.99 963.01   A 1.32 1.32 0.0 0 0 327.05 963.55   L 310.49 999.76   A 0.71 0.71 0.0 0 1 309.55 1000.11   L 288.39 990.44   A 0.73 0.72 -65.6 0 1 288.04 989.48   L 326.25 905.92   A 0.71 0.71 0.0 0 1 327.19 905.57   Q 343.75 912.89 356.04 919.09   Q 358.29 920.23 361.94 922.67   C 375.40 931.65 367.54 949.43 360.83 959.47   Q 356.15 966.46 347.46 963.85   Z   M 341.78 931.35   L 334.21 947.88   A 0.89 0.89 0.0 0 0 334.65 949.06   L 335.51 949.46   A 5.05 4.90 -65.4 0 0 342.07 946.91   L 346.18 937.94   A 5.05 4.90 -65.4 0 0 343.82 931.31   L 342.96 930.91   A 0.89 0.89 0.0 0 0 341.78 931.35   Z"/>
<ellipse fill="#dcdcdc" cx="0.00" cy="0.00" transform="translate(276.23,914.01) rotate(-50.0)" rx="0.65" ry="0.18"/>
<rect fill="#006600" x="-3.45" y="-32.23" transform="translate(775.22,943.35) rotate(-30.9)" width="6.90" height="64.46" rx="3.41"/>
<path fill="#ffffff" d="   M 719.36 968.32   A 0.30 0.30 0.0 0 0 719.55 968.88   Q 726.34 968.01 730.92 971.93   Q 733.45 974.09 736.67 982.36   Q 739.22 988.91 747.07 1009.01   A 0.74 0.74 0.0 0 1 746.66 1009.96   L 726.54 1017.81   A 0.63 0.63 0.0 0 1 725.72 1017.45   Q 718.68 999.33 713.61 986.50   Q 712.84 984.57 711.05 981.78   A 2.81 2.80 -21.9 0 0 708.12 980.54   L 705.91 980.99   A 1.32 1.32 0.0 0 0 704.94 982.76   L 719.41 1019.83   A 0.71 0.71 0.0 0 1 719.00 1020.75   L 697.35 1029.20   A 0.73 0.72 68.5 0 1 696.42 1028.79   L 663.03 943.25   A 0.71 0.70 -21.7 0 1 663.43 942.33   Q 680.20 935.54 693.20 931.03   Q 695.58 930.21 699.87 929.29   C 715.69 925.88 722.98 943.89 725.51 955.68   Q 727.28 963.90 719.36 968.32   Z   M 691.94 949.41   L 698.91 967.10   A 0.54 0.54 0.0 0 0 699.61 967.41   L 700.52 967.05   A 5.16 5.00 -21.5 0 0 703.49 960.50   L 699.79 951.11   A 5.16 5.00 -21.5 0 0 693.15 948.35   L 692.24 948.71   A 0.54 0.54 0.0 0 0 691.94 949.41   Z"/>
<path fill="#006600" d="   M 341.78 931.35   A 0.89 0.89 0.0 0 1 342.96 930.91   L 343.82 931.31   A 5.05 4.90 -65.4 0 1 346.18 937.94   L 342.07 946.91   A 5.05 4.90 -65.4 0 1 335.51 949.46   L 334.65 949.06   A 0.89 0.89 0.0 0 1 334.21 947.88   L 341.78 931.35   Z"/>
<path fill="#ffffff" d="   M 425.0491 1017.0713   A 24.56 24.56 0.0 0 1 394.8789 1034.2801   L 388.1077 1032.4277   A 24.56 24.56 0.0 0 1 370.8989 1002.2574   L 383.4909 956.2287   A 24.56 24.56 0.0 0 1 413.6611 939.0199   L 420.4323 940.8723   A 24.56 24.56 0.0 0 1 437.6411 971.0426   L 425.0491 1017.0713   Z   M 415.1852 959.7654   A 3.43 3.43 0.0 0 0 412.7746 955.5561   L 412.7167 955.5404   A 3.43 3.43 0.0 0 0 408.5073 957.9511   L 393.3948 1013.5746   A 3.43 3.43 0.0 0 0 395.8054 1017.7839   L 395.8633 1017.7996   A 3.43 3.43 0.0 0 0 400.0727 1015.3889   L 415.1852 959.7654   Z"/>
<path fill="#006600" d="   M 691.94 949.41   A 0.54 0.54 0.0 0 1 692.24 948.71   L 693.15 948.35   A 5.16 5.00 -21.5 0 1 699.79 951.11   L 703.49 960.50   A 5.16 5.00 -21.5 0 1 700.52 967.05   L 699.61 967.41   A 0.54 0.54 0.0 0 1 698.91 967.10   L 691.94 949.41   Z"/>
<path fill="#ffffff" d="   M 486.52 997.10   A 0.56 0.56 0.0 0 1 486.01 996.49   Q 487.00 986.08 488.05 975.25   Q 488.25 973.20 487.39 971.57   A 2.03 1.94 -88.7 0 0 486.74 970.86   Q 483.61 968.82 481.22 971.26   A 1.88 1.87 -16.3 0 0 480.74 972.13   Q 479.72 976.28 479.14 981.92   Q 475.04 1022.17 474.68 1026.25   C 474.42 1029.07 473.87 1033.40 477.27 1034.28   C 480.92 1035.22 481.93 1032.23 482.42 1029.15   Q 483.38 1023.00 484.29 1012.48   A 0.84 0.84 0.0 0 1 485.21 1011.71   L 508.22 1013.87   A 0.64 0.64 0.0 0 1 508.80 1014.56   Q 507.54 1030.25 504.63 1037.56   C 500.93 1046.86 488.94 1051.29 479.23 1050.77   C 465.79 1050.05 451.62 1044.63 450.77 1029.00   Q 450.38 1021.78 451.04 1015.00   Q 453.99 984.30 454.78 979.25   Q 455.29 975.98 455.49 974.32   C 456.44 966.23 461.12 959.77 468.37 956.33   C 481.01 950.34 506.51 954.22 510.92 970.52   Q 512.17 975.13 511.82 982.82   Q 511.45 990.93 510.33 998.82   A 0.56 0.55 -82.9 0 1 509.73 999.29   L 486.52 997.10   Z"/>
<rect fill="#006600" x="-3.46" y="-32.25" transform="translate(404.29,986.67) rotate(15.2)" width="6.92" height="64.50" rx="3.43"/>
<path fill="#ffffff" d="   M 555.69 991.89   C 556.36 990.60 556.27 988.77 556.72 986.98   Q 560.03 973.59 563.36 958.95   A 1.01 1.01 0.0 0 1 564.29 958.17   L 586.18 956.89   A 0.41 0.40 5.6 0 1 586.60 957.40   L 575.62 998.65   A 3.43 3.42 -47.6 0 0 575.71 1000.68   L 593.12 1048.96   A 0.74 0.74 0.0 0 1 592.47 1049.95   L 569.17 1051.31   A 1.43 1.43 0.0 0 1 567.71 1050.30   L 556.92 1015.48   A 0.17 0.17 0.0 0 0 556.59 1015.54   L 558.67 1050.99   A 0.90 0.90 0.0 0 1 557.82 1051.94   L 535.12 1053.27   A 0.91 0.91 0.0 0 1 534.15 1052.41   L 528.78 960.73   A 0.48 0.48 0.0 0 1 529.23 960.22   L 552.65 958.84   A 0.68 0.67 -2.5 0 1 553.36 959.48   L 555.26 991.80   A 0.23 0.23 0.0 0 0 555.69 991.89   Z"/>
<path d="   M 659.05 142.10   C 625.93 150.32 593.64 156.93 560.21 168.18   C 524.83 180.08 488.01 195.19 457.64 217.35   Q 439.57 230.54 426.87 250.89   Q 421.25 259.90 417.29 266.30   C 407.81 281.59 394.91 292.73 379.60 301.34   Q 357.30 313.88 332.65 322.51   C 303.25 332.81 274.98 340.75 245.19 344.83   Q 209.38 349.74 174.99 340.21   Q 224.70 249.89 309.09 193.56   Q 404.60 129.82 522.51 124.41   Q 528.55 124.14 543.34 124.30   Q 555.79 124.43 564.14 124.94   Q 612.47 127.90 659.05 142.10   Z    M 680.91 149.43   C 653.85 157.01 621.85 162.97 600.86 167.93   Q 573.75 174.34 547.39 183.52   Q 519.96 193.08 484.03 212.81   C 464.08 223.76 446.57 237.40 434.81 257.02   C 424.42 274.36 419.19 285.22 408.19 295.19   Q 398.33 304.12 383.81 311.61   C 349.33 329.40 313.39 341.17 274.83 350.34   Q 250.36 356.15 226.33 357.30   C 206.63 358.24 188.52 356.75 170.38 348.88   L 174.99 340.21   Q 209.38 349.74 245.19 344.83   C 274.98 340.75 303.25 332.81 332.65 322.51   Q 357.30 313.88 379.60 301.34   C 394.91 292.73 407.81 281.59 417.29 266.30   Q 421.25 259.90 426.87 250.89   Q 439.57 230.54 457.64 217.35   C 488.01 195.19 524.83 180.08 560.21 168.18   C 593.64 156.93 625.93 150.32 659.05 142.10   L 680.91 149.43   Z    M 705.87 159.51   C 644.98 172.42 583.11 178.74 524.08 206.88   Q 503.84 216.52 489.77 224.26   C 470.56 234.83 455.56 247.21 444.30 266.74   Q 440.30 273.69 434.25 283.60   C 423.69 300.92 409.98 312.72 391.29 322.51   C 354.04 342.02 310.75 356.13 268.97 364.58   Q 231.99 372.07 195.14 368.87   Q 183.46 367.86 165.40 362.33   A 0.57 0.57 0.0 0 1 165.03 361.61   Q 166.33 357.80 166.91 356.94   Q 168.46 354.60 168.34 352.67   L 170.38 348.88   C 188.52 356.75 206.63 358.24 226.33 357.30   Q 250.36 356.15 274.83 350.34   C 313.39 341.17 349.33 329.40 383.81 311.61   Q 398.33 304.12 408.19 295.19   C 419.19 285.22 424.42 274.36 434.81 257.02   C 446.57 237.40 464.08 223.76 484.03 212.81   Q 519.96 193.08 547.39 183.52   Q 573.75 174.34 600.86 167.93   C 621.85 162.97 653.85 157.01 680.91 149.43   L 705.87 159.51   Z    M 168.34 352.67   Q 168.46 354.60 166.91 356.94   Q 166.33 357.80 165.03 361.61   A 0.57 0.57 0.0 0 0 165.40 362.33   Q 183.46 367.86 195.14 368.87   Q 231.99 372.07 268.97 364.58   C 310.75 356.13 354.04 342.02 391.29 322.51   C 409.98 312.72 423.69 300.92 434.25 283.60   Q 440.30 273.69 444.30 266.74   C 455.56 247.21 470.56 234.83 489.77 224.26   Q 503.84 216.52 524.08 206.88   C 583.11 178.74 644.98 172.42 705.87 159.51   Q 732.31 171.17 757.07 186.72   Q 757.23 186.83 757.07 186.96   A 0.07 0.06 41.4 0 1 756.98 186.96   Q 756.68 186.71 756.18 186.64   Q 737.90 183.78 718.00 184.61   C 674.85 186.39 631.60 195.04 590.06 208.08   Q 575.39 212.69 561.68 217.66   Q 536.60 226.75 513.15 238.89   C 496.18 247.67 456.39 270.50 459.78 293.28   Q 460.57 298.59 460.29 299.75   C 457.79 310.06 447.15 319.31 438.68 325.44   Q 423.22 336.64 405.60 345.34   Q 376.45 359.75 343.72 370.44   Q 294.49 386.53 243.47 393.46   C 227.51 395.63 210.63 396.67 194.75 396.36   C 180.79 396.08 166.16 394.50 153.47 388.48   A 0.76 0.75 -66.6 0 1 153.10 387.53   Q 159.87 369.90 168.34 352.67   Z" fill="url(#cv_merge_grad_merge-1770631549079)" stroke="none"/><path d="   M 868.05 287.91   C 870.77 309.66 875.01 324.71 881.66 349.51   C 887.28 370.51 891.61 391.12 897.44 412.20   Q 913.87 471.60 929.29 530.89   C 934.15 549.60 940.50 571.77 948.45 592.23   Q 943.52 630.08 931.48 666.75   A 0.26 0.26 0.0 0 1 930.98 666.74   L 812.57 228.35   A 0.12 0.12 0.0 0 1 812.76 228.23   Q 835.61 248.65 855.52 272.22   Q 862.02 279.92 868.05 287.91   Z    M 868.05 287.91   Q 940.51 384.18 950.70 504.29   Q 951.23 510.50 951.46 517.77   Q 951.68 524.50 951.81 531.26   Q 952.39 561.85 948.45 592.23   C 940.50 571.77 934.15 549.60 929.29 530.89   Q 913.87 471.60 897.44 412.20   C 891.61 391.12 887.28 370.51 881.66 349.51   C 875.01 324.71 870.77 309.66 868.05 287.91   Z" fill="url(#cv_merge_grad_merge-1770631639804)" stroke="none"/><path d="   M 891.32 753.52   Q 886.47 745.88 883.81 743.12   Q 872.89 731.81 856.43 731.31   Q 847.34 731.04 838.32 732.30   Q 816.47 735.37 792.31 741.44   Q 762.53 748.92 742.53 754.09   C 715.28 761.13 687.47 772.66 661.36 785.38   Q 637.65 796.92 621.52 816.75   Q 618.41 820.58 611.66 828.40   Q 600.22 841.64 585.41 850.40   Q 554.75 868.53 521.45 880.20   C 481.72 894.12 442.40 903.28 400.52 911.95   Q 393.36 913.43 376.77 918.53   Q 358.48 910.89 341.10 901.29   A 0.24 0.24 0.0 0 1 341.19 900.84   C 353.41 899.64 365.75 898.04 376.16 896.27   Q 447.57 884.14 517.22 858.47   Q 544.57 848.39 568.64 835.66   Q 581.18 829.03 592.11 820.37   Q 595.98 817.30 599.60 812.65   Q 604.39 806.50 602.88 799.39   A 2.58 2.54 49.2 0 1 602.97 798.04   C 605.18 791.75 612.51 786.31 618.15 782.39   Q 625.51 777.28 634.37 772.61   Q 657.43 760.45 684.64 750.38   Q 750.90 725.85 821.03 713.51   Q 831.45 711.68 844.58 710.02   Q 858.81 708.21 868.26 707.69   Q 886.23 706.71 894.51 707.43   Q 900.12 707.91 905.77 708.85   A 2.45 2.44 87.2 0 1 907.72 710.62   L 909.86 718.52   A 3.20 3.19 50.9 0 1 909.63 720.77   Q 901.47 737.25 891.32 753.52   Z    M 891.32 753.52   L 872.92 781.03   Q 867.78 774.60 865.23 772.32   Q 853.82 762.14 837.80 762.54   Q 827.31 762.80 819.71 764.31   Q 789.34 770.31 754.26 779.37   Q 716.58 789.11 686.68 804.04   C 668.97 812.89 655.82 820.08 643.79 832.79   Q 641.38 835.32 631.30 846.57   Q 617.42 862.05 598.30 873.05   C 562.98 893.37 527.09 907.74 488.69 920.63   C 468.91 927.27 448.21 931.37 428.01 936.46   Q 401.83 929.22 376.77 918.53   Q 393.36 913.43 400.52 911.95   C 442.40 903.28 481.72 894.12 521.45 880.20   Q 554.75 868.53 585.41 850.40   Q 600.22 841.64 611.66 828.40   Q 618.41 820.58 621.52 816.75   Q 637.65 796.92 661.36 785.38   C 687.47 772.66 715.28 761.13 742.53 754.09   Q 762.53 748.92 792.31 741.44   Q 816.47 735.37 838.32 732.30   Q 847.34 731.04 856.43 731.31   Q 872.89 731.81 883.81 743.12   Q 886.47 745.88 891.32 753.52   Z    M 872.92 781.03   C 770.88 920.99 594.47 981.96 428.01 936.46   C 448.21 931.37 468.91 927.27 488.69 920.63   C 527.09 907.74 562.98 893.37 598.30 873.05   Q 617.42 862.05 631.30 846.57   Q 641.38 835.32 643.79 832.79   C 655.82 820.08 668.97 812.89 686.68 804.04   Q 716.58 789.11 754.26 779.37   Q 789.34 770.31 819.71 764.31   Q 827.31 762.80 837.80 762.54   Q 853.82 762.14 865.23 772.32   Q 867.78 774.60 872.92 781.03   Z" fill="url(#cv_merge_grad_merge-1770631667382)" stroke="none"/><path d="   M 227.66 810.64   Q 226.28 797.85 222.84 782.73   Q 215.36 749.85 209.78 729.62   Q 197.16 683.82 183.97 634.25   C 171.91 588.91 161.10 549.63 148.88 503.38   Q 144.78 487.85 140.24 474.51   Q 137.60 466.78 132.52 458.24   Q 137.33 433.17 145.35 408.96   A 0.36 0.35 46.6 0 1 146.03 408.98   Q 178.18 528.63 204.66 626.81   Q 204.86 627.57 204.90 629.04   A 5.59 5.58 36.8 0 0 205.08 630.28   L 263.11 846.17   A 0.12 0.12 0.0 0 1 262.91 846.28   Q 262.08 845.32 260.60 844.41   A 4.28 4.24 83.1 0 1 259.83 843.80   C 247.93 831.99 238.17 822.68 227.66 810.64   Z    M 227.66 810.64   Q 211.08 791.94 197.21 771.34   C 193.31 748.95 185.61 726.37 180.38 705.83   C 172.75 675.80 165.86 653.05 158.95 625.09   Q 156.25 614.15 148.87 587.65   Q 144.49 571.95 136.85 539.94   Q 133.31 525.15 125.88 508.07   Q 127.65 482.95 132.52 458.24   Q 137.60 466.78 140.24 474.51   Q 144.78 487.85 148.88 503.38   C 161.10 549.63 171.91 588.91 183.97 634.25   Q 197.16 683.82 209.78 729.62   Q 215.36 749.85 222.84 782.73   Q 226.28 797.85 227.66 810.64   Z    M 197.21 771.34   Q 168.62 730.51 151.55 683.77   A 2.78 2.26 25.0 0 0 151.35 683.36   Q 150.30 681.59 150.11 679.86   A 2.04 2.04 0.0 0 0 149.97 679.30   Q 148.49 675.65 145.64 666.96   Q 120.23 589.50 125.88 508.07   Q 133.31 525.15 136.85 539.94   Q 144.49 571.95 148.87 587.65   Q 156.25 614.15 158.95 625.09   C 165.86 653.05 172.75 675.80 180.38 705.83   C 185.61 726.37 193.31 748.95 197.21 771.34   Z" fill="url(#cv_merge_grad_merge-1770631695863)" stroke="none"/>
                        </g>
                    </svg>