<svg xmlns="http://www.w3.org/2000/svg" 
                      viewBox="0 0 523.61 520.43"
                      preserveAspectRatio="xMidYMid meet"
                      data-content-extracted="true"
                      data-original-bounds="-23.22,-16.86,1024,1024">
                        <g transform="translate(23.22, 16.86)">
                          <defs/>
<g stroke-width="2.00" fill="none" stroke-linecap="butt">
<path stroke="transparent" vector-effect="non-scaling-stroke" d="   M 216.25 781.32   C 259.33 828.43 313.78 866.01 374.12 887.87   Q 424.65 906.17 476.35 910.89   Q 489.14 912.05 506.67 912.28   Q 527.74 912.55 537.01 911.95   C 605.35 907.52 671.76 886.06 729.09 848.37   C 829.19 782.57 897.61 677.21 910.72 557.75   Q 912.38 542.64 912.72 536.50   Q 914.06 512.31 912.92 487.77   Q 909.09 405.21 872.90 330.83   C 853.13 290.19 825.30 253.36 792.97 222.05   C 737.04 167.89 665.44 131.28 589.18 116.57   Q 562.11 111.35 530.59 109.93"/>
<path stroke="transparent" vector-effect="non-scaling-stroke" d="   M 530.59 109.93   Q 501.19 109.63 493.50 110.05   Q 377.32 116.32 283.86 179.59   C 236.12 211.90 196.19 254.19 166.95 303.20   Q 114.34 391.36 110.44 494.26   Q 108.20 553.63 121.81 607.18   Q 146.83 705.61 216.25 781.32"/>
<path stroke="#04172d" vector-effect="non-scaling-stroke" d="   M 530.59 109.93   Q 529.44 110.91 528.63 110.89   Q 490.27 109.81 453.98 115.03   Q 361.46 128.35 283.71 181.03   Q 268.42 191.39 254.11 203.54   Q 239.40 216.02 226.74 228.74   C 219.27 236.24 214.63 241.88 207.99 249.33   C 200.19 258.10 193.14 268.00 187.54 275.03   C 182.94 280.80 179.27 287.17 175.34 292.72   C 170.11 300.10 165.85 308.34 160.53 317.06   C 157.49 322.05 155.08 327.37 151.85 333.76   C 150.07 337.26 149.24 341.32 146.91 344.24   A 3.85 3.75 76.7 0 0 146.40 345.09   Q 144.01 350.76 139.00 362.52   Q 136.04 369.46 128.23 393.38   C 126.02 400.14 124.84 405.89 122.88 413.27   Q 120.91 420.69 119.40 428.29   Q 110.88 471.05 111.34 515.35   Q 111.39 520.81 111.67 524.15   Q 112.04 528.52 111.83 532.93   C 111.66 536.69 112.45 540.26 112.68 544.82   Q 113.09 553.05 115.37 569.24   C 115.67 571.36 115.33 573.35 116.06 574.80   Q 116.88 576.44 117.16 578.83   C 117.64 583.01 119.01 587.71 119.65 592.31   Q 119.69 592.61 120.64 596.88   C 125.05 616.60 131.12 635.96 138.65 655.60   Q 144.20 670.05 156.16 693.97   C 160.96 703.57 165.70 711.00 171.73 721.32   C 172.64 722.88 173.85 724.25 174.85 725.81   Q 183.49 739.25 185.71 742.05   C 190.93 748.64 194.97 754.91 200.31 761.19   Q 208.32 770.59 214.64 777.89   Q 215.33 778.68 216.25 781.32"/>
<path stroke="#011b40" vector-effect="non-scaling-stroke" d="   M 463.73 889.48   L 463.54 889.88   A 0.48 0.48 0.0 0 0 463.91 890.56   Q 470.86 891.45 471.06 891.48   Q 474.87 891.90 489.05 893.21   Q 498.52 894.09 506.42 893.76   C 514.05 893.44 522.75 893.81 530.88 893.29   Q 566.82 891.01 596.02 884.51   Q 621.05 878.93 651.08 867.54   Q 669.29 860.63 687.90 850.66   Q 708.92 839.40 722.73 829.96   Q 744.49 815.09 751.91 808.38   C 755.56 805.07 761.84 800.21 765.94 796.41   Q 786.62 777.25 800.56 761.58   Q 823.03 736.33 841.39 705.91   Q 845.76 698.67 853.17 684.97   Q 858.87 674.43 868.03 651.84   Q 886.85 605.41 892.36 553.01   Q 895.80 520.38 894.14 486.56   Q 893.78 479.17 892.85 470.62   Q 891.77 460.71 891.01 454.72   Q 888.83 437.44 884.41 419.10   Q 880.35 402.28 877.05 391.61   Q 871.90 374.96 864.27 356.88   Q 860.65 348.29 858.66 344.56   C 855.48 338.62 852.61 331.99 848.77 325.61   Q 846.81 322.33 844.88 318.83   C 841.21 312.14 836.89 305.79 833.23 299.70   Q 831.85 297.41 829.87 295.14   Q 828.15 293.16 826.62 290.47   Q 824.93 287.51 821.78 283.50   C 816.66 276.99 813.98 273.28 809.76 268.46   C 804.85 262.88 800.38 256.11 793.98 251.96"/>
<path stroke="transparent" vector-effect="non-scaling-stroke" d="   M 793.98 251.96   Q 747.82 202.64 688.19 172.06   Q 602.12 127.92 504.99 130.32   Q 483.25 130.85 463.51 133.35   Q 404.80 140.76 351.00 165.26   Q 254.09 209.39 194.49 297.73   C 145.53 370.31 123.98 457.18 131.41 544.34   C 137.30 613.36 163.50 682.13 206.15 738.35   C 251.63 798.30 313.13 845.47 383.68 870.35   Q 422.16 883.91 463.73 889.48"/>
<path stroke="transparent" vector-effect="non-scaling-stroke" d="   M 793.98 251.96   Q 866.68 330.99 886.49 434.65   C 894.07 474.29 895.35 515.54 890.86 555.87   C 882.24 633.31 849.12 705.51 797.04 763.55   C 760.77 803.97 717.71 836.47 668.56 858.85   Q 596.38 891.71 515.00 892.53   Q 489.23 892.78 463.73 889.48"/>
<path stroke="transparent" vector-effect="non-scaling-stroke" d="   M 490.06 185.16   L 468.27 186.65   A 0.69 0.68 -3.3 0 1 467.54 186.01   L 466.39 169.08   A 3.30 3.29 60.6 0 1 466.99 166.92   Q 467.54 166.16 469.74 163.06   Q 470.46 162.06 469.76 161.31   Q 469.52 161.04 468.94 161.10   Q 462.15 161.73 448.78 162.62   A 0.77 0.76 -24.1 0 0 448.28 163.92   C 450.89 166.58 453.62 167.81 453.90 172.16   Q 454.27 177.90 456.63 213.17   C 456.94 217.67 454.92 219.41 452.27 222.41   A 0.91 0.91 0.0 0 0 453.01 223.92   L 474.12 222.48   A 1.18 1.18 0.0 0 0 474.86 220.46   C 473.66 219.30 471.63 218.31 470.70 216.57   Q 469.69 214.68 469.45 211.50   Q 468.39 197.15 468.27 196.50   A 1.00 1.00 0.0 0 1 469.19 195.32   L 490.84 193.92   A 0.79 0.79 0.0 0 1 491.68 194.67   Q 492.00 201.36 492.92 210.73   Q 493.32 214.73 491.02 217.28   Q 489.24 219.25 489.06 219.55   A 1.09 1.08 -75.8 0 0 490.04 221.20   L 510.34 220.15   A 0.97 0.96 68.8 0 0 511.03 218.57   Q 510.10 217.44 508.04 215.97   C 505.83 214.39 505.82 211.57 505.57 208.75   Q 503.85 189.02 502.31 171.73   C 501.80 165.99 502.49 165.05 506.54 160.74   A 1.16 1.16 0.0 0 0 505.62 158.79   L 484.75 160.21   A 0.89 0.89 0.0 0 0 484.22 161.76   C 486.37 163.68 489.39 166.40 489.52 168.32   Q 490.35 179.90 490.80 184.29   A 0.79 0.79 0.0 0 1 490.06 185.16"/>
<path stroke="transparent" vector-effect="non-scaling-stroke" d="   M 547.59 170.08   Q 553.37 170.96 561.32 171.94   C 565.40 172.44 566.43 175.38 568.72 178.77   A 0.98 0.98 0.0 0 0 570.50 178.33   L 572.04 164.71   A 0.31 0.31 0.0 0 0 571.77 164.36   L 530.67 159.71   A 0.91 0.91 0.0 0 0 529.88 161.21   C 532.12 163.79 534.52 166.18 533.99 170.00   Q 533.26 175.26 528.87 207.85   C 528.57 210.08 528.45 212.74 527.08 214.36   Q 525.29 216.49 522.49 218.31   A 0.89 0.88 31.6 0 0 522.88 219.93   L 566.46 224.86   A 0.91 0.91 0.0 0 0 567.44 224.19   L 571.06 210.23   A 1.08 1.07 5.2 0 0 569.94 208.89   Q 569.10 208.95 568.76 209.25   C 565.41 212.19 562.64 215.25 558.97 215.07   Q 552.36 214.75 542.58 213.55   A 0.91 0.91 0.0 0 1 541.79 212.54   L 543.58 196.74   A 1.23 1.22 6.1 0 1 544.93 195.66   L 555.60 196.87   A 2.64 2.63 72.0 0 1 557.26 197.72   L 559.74 200.45   A 1.37 1.37 0.0 0 0 562.12 199.68   L 563.67 185.93   A 0.99 0.98 -17.0 0 0 562.05 185.07   C 557.10 189.31 551.19 188.00 545.58 187.06   A 0.54 0.53 8.5 0 1 545.14 186.47   L 546.94 170.58   A 0.57 0.56 7.2 0 1 547.59 170.08"/>
<path stroke="transparent" vector-effect="non-scaling-stroke" d="   M 399.14 186.01   A 1.00 1.00 0.0 0 1 400.21 186.70   Q 406.84 207.22 411.91 225.61   C 413.08 229.88 411.06 231.49 409.93 234.38   A 0.99 0.99 0.0 0 0 411.13 235.70   L 431.45 229.86   A 0.95 0.95 0.0 0 0 431.61 228.10   C 426.95 225.75 424.96 224.30 423.43 218.97   Q 418.73 202.65 412.19 182.83   A 1.05 1.04 -18.0 0 1 412.87 181.50   L 419.84 179.30   A 6.85 6.83 49.9 0 1 425.02 179.75   L 431.72 183.21   A 1.12 1.12 0.0 0 0 433.34 182.36   Q 433.39 182.02 433.27 181.76   Q 430.01 174.68 427.79 168.65   A 1.04 1.04 0.0 0 0 426.50 168.02   L 381.04 182.35   A 1.76 1.75 -14.0 0 0 379.84 184.33   L 382.33 198.37   A 0.56 0.53 -81.7 0 0 382.58 198.73   Q 383.79 199.49 384.35 197.94   Q 388.24 187.21 399.14 186.01"/>
<path stroke="transparent" vector-effect="non-scaling-stroke" d="   M 621.34 212.26   Q 623.17 211.83 624.87 211.37   C 636.72 208.16 642.10 194.17 634.74 184.10   C 631.20 179.27 625.53 176.37 619.79 174.75   Q 601.02 169.45 599.19 169.09   Q 598.00 168.86 597.09 169.03   A 0.65 0.64 -20.3 0 0 596.64 169.99   L 599.22 174.46   A 4.57 4.55 -52.0 0 1 599.65 178.03   Q 593.63 198.89 588.89 215.71   C 587.34 221.23 587.04 223.46 582.08 225.48   A 1.55 1.26 -32.2 0 0 581.32 227.73   Q 581.69 228.08 582.86 228.40   Q 591.34 230.78 600.30 233.58   A 1.27 1.27 0.0 0 0 601.86 231.91   L 601.58 231.17   A 0.03 0.02 31.7 0 0 601.57 231.15   C 599.33 228.12 598.74 226.29 599.97 222.40   Q 602.90 213.09 603.60 211.06   A 1.22 1.20 16.5 0 1 605.04 210.29   C 608.34 211.12 608.46 213.31 609.20 216.16   Q 612.13 227.42 615.05 236.94   A 2.43 2.40 3.2 0 0 616.40 238.43   Q 623.79 241.56 630.60 243.66   A 1.61 1.51 15.5 0 0 632.61 242.60   C 632.78 241.93 630.23 238.78 628.33 236.03   Q 626.53 233.41 624.92 227.91   Q 620.98 214.44 620.75 213.18   A 0.80 0.79 77.7 0 1 621.34 212.26"/>
<path stroke="transparent" vector-effect="non-scaling-stroke" d="   M 688.16 205.76   Q 687.83 205.05 686.76 204.47   Q 678.31 199.87 669.44 195.32   Q 668.45 194.82 667.88 194.81   A 0.98 0.97 77.6 0 0 666.99 196.21   C 668.31 198.94 669.87 202.48 668.20 205.44   Q 658.42 222.81 647.55 242.04   C 645.78 245.17 643.78 245.51 640.40 246.41   A 1.19 1.19 0.0 0 0 640.15 248.61   L 658.00 257.97   A 0.98 0.98 0.0 0 0 659.42 256.94   C 658.96 254.30 656.99 250.77 658.57 248.10   Q 668.12 231.99 678.97 212.39   C 681.23 208.31 684.80 207.75 687.79 206.66   A 0.66 0.66 0.0 0 0 688.16 205.76"/>
<path stroke="transparent" vector-effect="non-scaling-stroke" d="   M 357.39 259.10   C 354.76 257.85 352.11 258.53 351.51 254.73   Q 350.75 249.94 350.19 246.21   A 1.30 1.29 72.3 0 1 350.87 244.88   L 366.05 237.13   A 1.49 1.48 53.7 0 1 367.78 237.40   L 374.30 243.92   A 1.99 1.98 29.4 0 1 374.83 245.79   L 373.72 250.55   A 1.01 1.01 0.0 0 0 374.53 251.77   Q 374.67 251.79 374.95 251.65   Q 380.78 248.87 395.19 241.48   A 1.12 1.11 -48.5 0 0 395.07 239.44   Q 394.16 239.11 392.35 238.99   C 388.22 238.73 384.76 235.16 381.55 232.21   Q 366.73 218.54 345.85 199.49   A 0.75 0.73 51.6 0 0 345.01 199.38   L 335.93 204.02   A 1.60 1.60 0.0 0 0 335.07 205.71   Q 338.85 228.98 343.69 256.55   C 344.54 261.38 343.10 263.10 340.96 267.59   A 0.82 0.82 0.0 0 0 342.07 268.68   L 357.41 260.84   A 0.97 0.97 0.0 0 0 357.39 259.10"/>
<path stroke="transparent" vector-effect="non-scaling-stroke" d="   M 707.63 238.55   L 705.94 289.76   A 3.98 3.95 18.5 0 0 707.66 293.17   L 711.26 295.64   A 0.64 0.64 0.0 0 0 712.12 295.51   Q 729.12 274.69 743.74 257.24   C 746.11 254.42 748.53 253.96 752.17 252.81   A 0.97 0.97 0.0 0 0 752.48 251.13   L 739.87 241.17   A 0.90 0.90 0.0 0 0 738.42 241.96   C 738.64 244.27 739.94 248.42 737.93 250.96   Q 736.39 252.91 719.54 273.04   A 0.48 0.48 0.0 0 1 718.69 272.72   L 720.18 227.80   A 2.78 2.77 -71.8 0 0 718.98 225.42   L 705.74 216.34   A 0.51 0.51 0.0 0 0 704.95 216.81   C 705.36 220.41 707.13 223.15 704.47 226.73   Q 698.03 235.38 684.03 254.77   C 680.33 259.90 678.04 262.18 671.69 264.11   A 1.19 1.19 0.0 0 0 671.42 266.26   L 685.11 274.61   A 1.18 1.18 0.0 0 0 686.89 273.44   Q 686.81 272.83 686.35 271.69   C 684.93 268.18 687.12 264.64 689.09 262.10   Q 692.29 257.95 707.01 238.33   A 0.34 0.34 0.0 0 1 707.63 238.55"/>
<path stroke="transparent" vector-effect="non-scaling-stroke" d="   M 307.38 244.16   A 1.24 1.23 -30.7 0 0 307.85 242.32   L 301.73 233.87   A 1.42 1.41 -19.4 0 0 300.51 233.29   Q 288.66 233.96 280.48 240.97   C 270.02 249.92 267.02 264.48 272.37 276.98   C 274.98 283.09 280.54 289.19 286.31 292.21   Q 301.67 300.25 316.87 291.63   Q 325.77 286.58 330.66 277.40   Q 333.39 272.27 330.31 266.98   Q 327.92 262.88 327.01 262.21   A 1.33 1.31 61.9 0 0 326.21 261.96   Q 324.39 261.96 324.23 263.81   Q 323.80 268.86 322.88 271.86   C 320.03 281.11 312.35 286.65 302.51 284.67   C 286.38 281.42 270.82 256.26 289.38 245.51   C 294.82 242.36 300.10 243.23 306.25 244.36   Q 306.75 244.46 307.38 244.16"/>
<path stroke="transparent" vector-effect="non-scaling-stroke" d="   M 248.73 548.09   C 254.81 592.64 272.11 633.78 299.31 669.98   Q 362.02 753.45 466.09 773.45   Q 467.90 773.80 485.47 776.31   C 487.64 776.62 490.58 777.47 492.12 778.11   Q 504.90 783.43 510.52 785.48   Q 512.29 786.13 514.24 785.27   Q 526.16 780.00 531.92 777.66   C 533.67 776.94 535.79 776.27 537.77 775.99   Q 545.62 774.84 553.46 773.79"/>
<path stroke="transparent" vector-effect="non-scaling-stroke" d="   M 553.46 773.79   C 612.89 764.79 667.33 734.67 707.41 690.66   Q 728.31 667.71 742.53 642.96   Q 782.77 572.94 777.01 491.00   Q 772.06 420.72 733.61 362.87   Q 729.83 357.19 725.21 350.61   A 6.23 6.17 27.4 0 1 724.08 347.11   Q 723.94 335.55 724.17 320.21   Q 724.20 317.65 721.60 316.87   Q 705.02 311.90 685.20 308.32   Q 682.18 307.77 680.58 306.48   C 639.90 273.56 590.05 252.57 537.73 248.07   Q 497.72 244.62 458.37 251.91   C 416.63 259.65 377.54 279.44 343.84 306.34   Q 340.73 308.83 339.11 309.16   C 324.05 312.22 314.03 314.35 301.61 318.10   A 1.09 1.08 -8.2 0 0 300.83 319.14   Q 300.87 346.26 300.87 346.95   C 300.87 348.89 300.29 350.43 299.30 351.80   Q 282.84 374.56 273.13 394.12   C 249.57 441.62 241.52 495.72 248.73 548.09"/>
<path stroke="#011d43" vector-effect="non-scaling-stroke" d="   M 553.46 773.79   Q 555.43 772.29 557.82 771.86   C 609.31 762.58 657.95 738.63 695.00 701.72   Q 710.39 686.39 721.58 671.84   Q 750.02 634.86 764.57 589.52   C 771.81 566.92 776.16 541.21 776.14 516.30   Q 776.13 498.64 775.98 495.65   Q 775.28 481.08 772.47 463.76   Q 771.70 459.02 770.77 454.89   C 769.37 448.68 767.42 439.51 765.39 432.97   Q 751.58 388.42 723.85 350.72   A 3.42 3.38 27.1 0 1 723.19 348.71   L 723.07 320.57   A 2.29 2.27 -78.2 0 0 721.73 318.50   Q 720.42 317.90 718.08 317.22   Q 703.19 312.88 688.19 310.04   Q 682.05 308.87 678.00 305.74   C 636.55 273.72 588.89 253.91 536.62 249.14   Q 530.48 248.58 518.83 248.18   Q 511.10 247.92 502.76 248.32   C 480.90 249.39 459.15 252.21 439.94 257.46   C 405.09 266.98 372.88 284.71 345.14 306.76   C 342.27 309.04 338.88 310.47 335.77 311.06   Q 318.55 314.33 303.06 319.08   A 1.30 1.30 0.0 0 0 302.15 320.35   Q 302.38 332.43 301.76 346.29   Q 301.55 350.91 298.71 354.98   Q 293.90 361.85 285.87 374.58   Q 278.67 386.01 274.38 394.96   Q 265.71 413.10 260.94 427.19   Q 251.33 455.61 248.60 487.47   C 248.18 492.31 247.56 497.51 247.45 502.21   Q 246.95 524.43 249.61 546.00   Q 249.84 547.89 248.73 548.09"/>
<path stroke="transparent" vector-effect="non-scaling-stroke" d="   M 752.31 339.69   L 764.04 331.20   A 1.09 1.09 0.0 0 0 763.61 329.25   C 760.58 328.68 755.74 330.01 753.28 327.72   Q 747.15 321.99 741.31 314.49   A 0.54 0.53 50.0 0 1 741.37 313.77   L 753.06 303.14   A 1.27 1.27 0.0 0 1 754.89 303.27   C 757.91 306.85 763.43 310.08 763.01 316.04   A 0.90 0.90 0.0 0 0 764.43 316.83   L 775.25 308.99   A 1.42 1.42 0.0 0 0 774.57 306.43   C 768.10 305.76 763.65 301.89 760.33 297.22   A 0.96 0.95 -38.9 0 1 760.47 295.97   L 771.92 285.57   A 0.52 0.52 0.0 0 1 772.65 285.60   Q 777.00 290.37 777.85 291.29   C 782.42 296.20 784.91 298.49 783.96 305.10   A 1.21 1.21 0.0 0 0 785.97 306.16   L 794.76 298.18   A 0.85 0.85 0.0 0 0 794.81 296.99   L 766.77 266.14   A 1.02 1.02 0.0 0 0 765.00 266.82   C 764.99 269.11 765.89 272.87 763.61 275.12   Q 748.41 290.11 731.29 305.29   C 728.48 307.78 725.21 307.03 722.52 307.12   A 0.71 0.70 79.4 0 0 721.88 308.06   Q 722.16 308.86 722.80 309.46   Q 738.10 324.09 750.87 339.51   A 1.07 1.06 52.0 0 0 752.31 339.69"/>
<path stroke="transparent" vector-effect="non-scaling-stroke" d="   M 261.76 350.79   C 257.53 351.35 255.24 351.19 251.36 348.66   Q 250.60 348.17 218.79 328.09   A 0.81 0.81 0.0 0 1 218.50 327.02   C 220.46 323.27 223.34 317.22 227.14 316.15   Q 229.31 315.54 233.46 314.47   A 0.93 0.93 0.0 0 0 233.66 312.74   L 221.78 306.51   A 0.41 0.41 0.0 0 0 221.24 306.66   L 195.58 348.71   A 0.56 0.56 0.0 0 0 195.77 349.48   Q 200.37 352.20 205.40 354.75   A 1.02 0.95 26.2 0 0 206.75 354.34   Q 206.98 353.87 206.81 353.24   C 205.32 347.80 208.70 343.71 211.29 339.58   A 1.22 1.22 0.0 0 1 212.96 339.19   Q 225.78 346.99 245.00 358.91   C 248.70 361.20 249.50 362.44 250.91 366.39   A 1.11 1.11 0.0 0 0 252.87 366.65   L 262.70 352.32   A 0.98 0.98 0.0 0 0 261.76 350.79"/>
<path stroke="transparent" vector-effect="non-scaling-stroke" d="   M 799.89 325.08   Q 795.31 325.72 790.45 323.21   A 1.74 1.74 0.0 0 0 787.92 324.58   L 787.91 324.65   A 3.68 3.67 -72.7 0 0 789.80 328.25   Q 794.69 330.91 799.67 330.88   C 803.61 330.86 809.50 329.73 812.15 326.41   Q 815.87 321.72 812.82 317.35   Q 809.59 312.76 804.48 314.34   C 799.72 315.81 799.32 320.00 800.36 324.39   A 0.57 0.56 -11.1 0 1 799.89 325.08"/>
<path stroke="transparent" vector-effect="non-scaling-stroke" d="   M 274.90 331.20   A 6.50 6.50 0.0 0 0 268.40 324.70   A 6.50 6.50 0.0 0 0 261.90 331.20   A 6.50 6.50 0.0 0 0 268.40 337.70   A 6.50 6.50 0.0 0 0 274.90 331.20"/>
<path stroke="transparent" vector-effect="non-scaling-stroke" d="   M 786.99 358.70   A 1.38 1.38 0.0 0 0 785.09 357.82   L 775.46 362.18   A 2.29 2.29 0.0 0 0 774.13 364.02   C 772.84 375.81 776.99 388.29 787.78 394.04   C 793.33 397.00 800.95 397.00 806.20 393.12   C 815.02 386.61 812.66 375.11 811.30 365.52   C 810.67 361.08 812.43 355.44 817.42 354.64   Q 821.19 354.05 823.69 356.12   Q 830.04 361.40 827.37 369.65   C 826.56 372.14 823.90 375.47 822.55 377.32   A 1.64 1.64 0.0 0 0 824.55 379.77   L 834.96 375.06   A 1.79 1.77 -9.7 0 0 835.99 373.62   Q 836.57 367.95 835.63 362.58   C 834.06 353.51 828.04 345.54 818.91 343.90   C 807.18 341.78 798.35 349.95 798.86 361.79   Q 799.11 367.44 799.91 375.51   Q 800.23 378.80 798.74 381.59   C 796.54 385.70 790.98 386.04 787.63 383.37   Q 781.57 378.53 782.23 370.72   C 782.50 367.52 785.07 363.78 786.61 361.13   Q 787.33 359.90 786.99 358.70"/>
<path stroke="transparent" vector-effect="non-scaling-stroke" d="   M 212.26 412.99   Q 212.38 413.30 213.40 413.88   Q 215.73 415.20 224.15 419.42   A 0.65 0.64 38.5 0 0 224.82 419.35   C 231.76 413.99 238.56 405.92 239.58 397.24   C 241.35 382.19 226.06 368.59 212.07 378.00   C 208.39 380.48 204.19 385.56 200.61 388.84   C 189.85 398.70 180.87 384.94 192.07 377.49   Q 194.86 375.63 199.05 374.80   Q 200.71 374.48 201.97 373.47   A 1.27 1.27 0.0 0 0 201.49 371.25   L 189.88 368.24   A 0.98 0.96 29.6 0 0 188.95 368.49   C 180.82 376.60 175.22 387.40 181.47 398.33   C 186.87 407.77 198.79 408.35 206.36 401.30   Q 214.23 393.97 216.87 391.69   Q 221.49 387.69 226.54 389.52   Q 231.21 391.22 231.28 396.10   Q 231.39 404.00 223.86 408.95   A 4.18 4.13 -67.1 0 1 222.36 409.57   Q 218.51 410.34 214.25 410.54   A 2.10 1.81 -10.1 0 0 212.26 412.99"/>
<path stroke="transparent" vector-effect="non-scaling-stroke" d="   M 665.05 764.79   Q 666.01 765.09 667.58 765.08   C 671.16 765.06 673.51 766.29 675.77 769.51   Q 694.05 795.48 697.45 800.55   C 699.70 803.90 698.85 806.76 698.04 810.49   A 1.02 1.02 0.0 0 0 698.95 811.72   Q 699.40 811.76 699.74 811.51   Q 721.97 795.16 734.61 786.00   A 0.84 0.84 0.0 0 0 734.87 784.94   L 728.51 772.51   A 1.02 1.01 38.8 0 0 726.62 772.71   C 725.83 775.78 725.67 781.53 722.55 783.82   Q 712.36 791.27 709.26 793.66   A 0.53 0.52 -37.2 0 1 708.51 793.56   L 699.31 780.85   A 1.20 1.20 0.0 0 1 699.60 779.16   C 703.64 776.35 706.86 773.74 710.01 772.52   C 711.38 771.99 713.35 773.08 714.91 772.88   A 1.04 1.03 -18.7 0 0 715.68 771.34   L 708.76 759.35   A 1.06 1.06 0.0 0 0 706.83 759.55   C 704.64 766.24 700.18 768.98 694.74 772.63   A 0.61 0.60 -35.1 0 1 693.92 772.49   L 685.42 760.75   A 1.34 1.33 -36.5 0 1 685.70 758.90   Q 690.82 755.06 695.40 751.72   C 698.65 749.35 701.17 749.87 705.48 750.27   A 1.00 1.00 0.0 0 0 706.38 748.69   L 699.38 739.03   A 0.76 0.75 53.8 0 0 698.32 738.86   L 664.78 763.14   A 0.94 0.93 35.8 0 0 665.05 764.79"/>
<path stroke="transparent" vector-effect="non-scaling-stroke" d="   M 336.08 799.69   C 326.75 801.09 317.02 801.29 311.28 792.43   C 308.84 788.66 308.56 784.57 309.00 780.26   C 310.09 769.58 317.32 757.19 328.76 755.99   C 340.59 754.75 347.32 763.62 348.09 774.51   A 1.78 1.65 82.0 0 0 350.10 776.15   Q 350.69 776.01 351.74 774.98   Q 355.56 771.26 357.37 769.14   A 2.59 2.59 0.0 0 0 357.74 766.32   C 348.12 746.40 323.37 738.15 306.13 754.66   Q 295.79 764.55 295.94 779.00   C 296.12 795.39 308.72 805.92 323.53 809.46   C 327.08 810.31 329.06 810.54 331.75 807.92   Q 335.63 804.15 337.33 801.72   A 1.30 1.30 0.0 0 0 336.08 799.69"/>
<path stroke="transparent" vector-effect="non-scaling-stroke" d="   M 646.71 808.23   C 649.82 809.67 652.82 809.84 655.04 813.46   Q 656.92 816.55 658.42 819.90   C 659.22 821.71 658.65 822.76 657.39 824.14   C 650.91 831.24 640.39 829.73 633.28 824.44   C 626.21 819.19 622.45 810.79 622.96 801.98   C 623.58 791.27 631.99 785.14 642.78 785.98   Q 644.96 786.15 651.46 787.26   A 1.20 1.20 0.0 0 0 652.81 785.71   L 650.66 778.88   A 3.17 3.17 0.0 0 0 647.89 776.67   C 632.93 775.41 615.54 783.17 611.78 798.80   C 608.16 813.81 614.35 829.59 628.22 836.49   C 643.85 844.28 661.23 835.41 670.84 823.35   Q 672.77 820.94 671.17 818.16   Q 667.90 812.49 665.98 808.99   Q 663.56 804.59 664.80 799.64   A 1.12 1.12 0.0 0 0 663.21 798.37   L 646.68 806.82   A 0.79 0.78 43.9 0 0 646.71 808.23"/>
<path stroke="transparent" vector-effect="non-scaling-stroke" d="   M 412.9746 792.1489   A 31.88 31.03 -34.4 0 0 369.1391 784.5567   A 31.88 31.03 -34.4 0 0 360.3654 828.1711   A 31.88 31.03 -34.4 0 0 404.2009 835.7633   A 31.88 31.03 -34.4 0 0 412.9746 792.1489"/>
<path stroke="transparent" vector-effect="non-scaling-stroke" d="   M 572.86 832.75   Q 578.60 831.58 582.43 831.12   Q 586.62 830.62 589.80 832.81   A 1.00 1.00 0.0 0 0 591.27 832.42   C 591.71 831.50 590.18 823.69 589.32 818.02   A 0.98 0.98 0.0 0 0 587.53 817.62   C 583.73 823.26 578.29 823.23 571.66 824.38   A 0.76 0.76 0.0 0 1 570.77 823.76   L 568.19 809.27   A 0.52 0.51 79.5 0 1 568.59 808.68   Q 575.87 807.16 581.02 806.30   C 584.93 805.65 587.19 806.21 589.88 808.99   A 1.19 1.19 0.0 0 0 591.91 807.95   L 590.00 797.21   A 1.43 1.43 0.0 0 0 588.31 796.05   Q 570.14 799.77 551.37 803.34   Q 550.19 803.57 548.63 804.38   A 0.62 0.61 -43.4 0 0 548.60 805.45   L 553.95 808.72   A 2.87 2.83 -84.4 0 1 555.17 810.23   Q 555.55 811.13 556.11 814.64   Q 559.92 838.62 561.38 847.56   Q 562.22 852.70 561.91 855.02   A 4.69 4.58 66.1 0 1 561.18 856.98   L 559.13 860.12   A 1.11 1.11 0.0 0 0 559.81 861.81   Q 560.20 861.91 560.99 861.75   Q 579.35 858.16 598.74 854.01   Q 600.48 853.63 602.95 852.92   A 1.44 1.43 80.0 0 0 603.98 851.44   L 603.05 837.76   A 0.97 0.97 0.0 0 0 601.60 836.98   Q 600.89 837.39 600.62 837.88   C 598.04 842.43 595.98 845.79 590.27 847.02   Q 576.83 849.92 576.01 850.00   A 0.83 0.83 0.0 0 1 575.13 849.32   L 572.33 833.53   A 0.67 0.67 0.0 0 1 572.86 832.75"/>
<path stroke="transparent" vector-effect="non-scaling-stroke" d="   M 437.45 798.39   L 441.06 803.39   A 2.97 2.95 32.6 0 1 441.58 805.71   Q 438.83 820.21 433.73 846.99   C 433.15 850.01 430.69 851.61 428.08 853.57   A 0.92 0.92 0.0 0 0 428.00 854.97   Q 428.32 855.28 428.89 855.37   Q 450.96 859.03 470.41 862.05   A 1.71 1.71 0.0 0 0 472.33 860.79   L 475.59 848.21   A 1.03 1.03 0.0 0 0 474.00 847.11   C 470.87 849.32 467.55 852.26 463.01 851.92   Q 455.99 851.40 447.51 849.61   A 0.74 0.73 -81.7 0 1 446.93 848.82   Q 447.12 846.70 447.63 844.13   Q 451.07 827.08 454.16 810.31   C 454.90 806.29 457.18 805.23 460.75 802.99   A 1.05 1.05 0.0 0 0 460.40 801.07   L 438.46 796.80   A 1.01 1.01 0.0 0 0 437.45 798.39"/>
<path stroke="transparent" vector-effect="non-scaling-stroke" d="   M 492.05 807.05   C 493.24 808.88 496.13 810.20 497.04 812.17   Q 498.09 814.43 498.05 815.27   Q 497.20 836.18 496.87 854.55   C 496.79 858.65 494.20 860.16 492.47 862.46   A 1.17 1.17 0.0 0 0 493.41 864.33   L 536.05 864.33   A 0.62 0.61 -86.9 0 0 536.66 863.78   L 538.24 849.88   A 1.03 1.03 0.0 0 0 536.56 848.98   Q 535.57 849.81 533.53 852.05   C 529.64 856.34 526.01 856.00 519.78 856.01   Q 515.76 856.02 510.82 855.91   A 0.90 0.89 1.0 0 1 509.94 855.01   Q 510.03 834.22 510.45 815.77   C 510.54 811.92 513.10 810.15 515.80 807.67   A 0.98 0.98 0.0 0 0 515.14 805.97   L 492.64 805.97   A 0.70 0.70 0.0 0 0 492.05 807.05"/>
<path stroke="transparent" vector-effect="non-scaling-stroke" d="   M 612.10 181.47   L 606.24 201.26   A 0.76 0.76 0.0 0 0 606.75 202.20   L 609.91 203.14   A 11.40 10.55 16.5 0 0 623.84 196.26   L 624.14 195.25   A 11.40 10.55 16.5 0 0 616.21 181.89   L 613.04 180.96   A 0.76 0.76 0.0 0 0 612.10 181.47"/>
<path stroke="transparent" vector-effect="non-scaling-stroke" d="   M 348.76 235.79   A 0.40 0.40 0.0 0 0 349.34 236.08   L 359.55 230.81   A 0.40 0.40 0.0 0 0 359.65 230.17   L 346.24 216.72   A 0.40 0.40 0.0 0 0 345.56 217.07   L 348.76 235.79"/>
<path stroke="transparent" vector-effect="non-scaling-stroke" d="   M 641.67 302.28   A 0.16 0.15 -27.9 0 0 641.76 302.00   Q 622.51 289.13 600.77 281.22   Q 571.27 270.48 540.36 267.11   C 525.17 265.46 508.13 265.34 493.75 266.15   Q 433.34 269.56 382.62 302.00   A 0.38 0.38 0.0 0 0 382.87 302.69   Q 419.05 298.31 455.03 296.45   Q 465.47 295.91 478.02 295.49   Q 523.51 293.99 570.97 296.38   Q 592.47 297.47 601.25 298.47   Q 620.10 300.61 636.75 302.14   Q 639.09 302.36 641.67 302.28"/>
<path stroke="transparent" vector-effect="non-scaling-stroke" d="   M 543.31 348.47   Q 544.02 364.62 544.03 385.50   Q 544.06 425.79 543.34 456.18"/>
<path stroke="transparent" vector-effect="non-scaling-stroke" d="   M 543.34 456.18   L 543.05 478.89   A 0.17 0.17 0.0 0 0 543.22 479.07   L 574.05 478.99"/>
<path stroke="transparent" vector-effect="non-scaling-stroke" d="   M 574.05 478.99   L 671.03 479.11"/>
<path stroke="transparent" vector-effect="non-scaling-stroke" d="   M 671.03 479.11   L 704.19 479.16   A 0.65 0.65 0.0 0 0 704.84 478.50   L 704.53 459.31"/>
<path stroke="transparent" vector-effect="non-scaling-stroke" d="   M 704.53 459.31   L 704.59 343.49"/>
<path stroke="transparent" vector-effect="non-scaling-stroke" d="   M 704.59 343.49   L 704.65 332.79   A 1.26 1.26 0.0 0 0 703.63 331.54   L 670.05 324.85"/>
<path stroke="transparent" vector-effect="non-scaling-stroke" d="   M 670.05 324.85   Q 617.83 316.42 564.82 313.96"/>
<path stroke="transparent" vector-effect="non-scaling-stroke" d="   M 564.82 313.96   L 543.60 312.85   A 0.51 0.50 -87.8 0 0 543.07 313.35   Q 542.93 326.87 542.87 340.50   Q 542.85 345.20 543.31 348.47"/>
<path stroke="transparent" vector-effect="non-scaling-stroke" d="   M 564.82 313.96   L 622.34 371.89   A 0.86 0.86 0.0 0 0 623.56 371.89   L 670.05 324.85"/>
<path stroke="transparent" vector-effect="non-scaling-stroke" d="   M 704.59 343.49   L 648.32 400.69   A 0.97 0.96 -45.2 0 0 648.32 402.04   L 704.53 459.31"/>
<path stroke="transparent" vector-effect="non-scaling-stroke" d="   M 671.03 479.11   L 623.17 430.01   A 0.76 0.76 0.0 0 0 622.09 430.01   L 574.05 478.99"/>
<path stroke="transparent" vector-effect="non-scaling-stroke" d="   M 543.34 456.18   L 596.18 402.65   A 1.07 1.06 44.8 0 0 596.17 401.15   L 543.31 348.47"/>
<path stroke="transparent" vector-effect="non-scaling-stroke" d="   M 485.23 313.96   Q 469.95 313.83 458.07 314.39   Q 412.58 316.56 366.36 323.27   Q 342.72 326.70 319.86 331.93   A 0.96 0.96 0.0 0 0 319.11 332.88   Q 319.26 374.19 318.75 406.35   C 318.31 434.01 318.54 461.11 318.89 479.86   A 0.24 0.23 0.0 0 0 319.13 480.09   L 485.29 479.38   A 0.75 0.75 0.0 0 0 486.04 478.63   L 486.04 314.77   A 0.82 0.81 0.4 0 0 485.23 313.96"/>
<path stroke="#04172d" vector-effect="non-scaling-stroke" d="   M 324.09 524.00   Q 357.54 525.12 391.06 524.41"/>
<path stroke="transparent" vector-effect="non-scaling-stroke" d="   M 391.06 524.41   Q 392.97 523.98 395.27 523.99   Q 422.59 524.19 466.75 524.12   Q 480.65 524.10 493.52 524.51   A 0.58 0.58 0.0 0 1 494.08 525.09   Q 493.97 577.38 494.03 673.93   C 494.04 697.52 493.78 725.52 494.12 754.13   C 494.14 755.61 494.09 757.37 495.54 758.05   Q 502.17 761.16 508.77 764.01   Q 511.55 765.20 512.76 764.67   Q 520.66 761.16 530.30 756.79   Q 532.13 755.96 532.12 753.50   Q 531.95 707.94 532.01 641.66   C 532.04 606.66 531.65 568.34 531.74 525.07   A 0.57 0.57 0.0 0 1 532.27 524.50   Q 536.88 524.18 542.00 524.09   Q 562.31 523.71 582.51 524.36"/>
<path stroke="#04172d" vector-effect="non-scaling-stroke" d="   M 582.51 524.36   L 671.90 524.31   A 0.36 0.35 -90.0 0 0 672.25 523.95   Q 672.25 523.78 672.23 523.62"/>
<path stroke="transparent" vector-effect="non-scaling-stroke" d="   M 672.23 523.62   L 703.91 523.35   A 0.99 0.99 0.0 0 0 704.89 522.36   L 704.89 490.09   A 0.95 0.94 90.0 0 0 703.95 489.14   L 532.71 489.14   A 1.02 1.02 0.0 0 1 531.69 488.13   L 530.95 315.07   A 0.77 0.77 0.0 0 0 530.18 314.30   L 494.58 314.11   A 0.65 0.65 0.0 0 0 493.92 314.76   L 493.92 488.41   A 0.75 0.75 0.0 0 1 493.17 489.16   L 320.61 489.90   A 0.65 0.65 0.0 0 0 319.96 490.55   L 319.96 522.75   A 0.78 0.77 -4.5 0 0 320.86 523.51   Q 323.07 523.17 324.09 524.00"/>
<path stroke="#04345a" vector-effect="non-scaling-stroke" d="   M 672.23 523.62   L 582.51 524.36"/>
<path stroke="#04345a" vector-effect="non-scaling-stroke" d="   M 391.06 524.41   Q 357.53 523.33 324.09 524.00"/>
<path stroke="transparent" vector-effect="non-scaling-stroke" d="   M 722.09 378.90   Q 721.96 417.99 722.05 475.07   C 722.09 502.70 724.41 528.99 721.62 555.24   Q 717.05 598.24 696.44 636.19   Q 675.29 675.14 642.83 704.32   Q 631.02 714.94 624.00 720.26   Q 610.41 730.57 589.99 745.53   A 0.31 0.31 0.0 0 0 590.29 746.06   Q 599.87 742.30 604.21 740.64   C 646.70 724.38 682.75 694.92 710.09 658.57   C 739.19 619.89 756.75 572.73 758.82 523.94   Q 759.55 506.81 758.67 492.77   Q 754.79 431.03 722.52 378.78   A 0.23 0.23 0.0 0 0 722.09 378.90"/>
<path stroke="#04172d" vector-effect="non-scaling-stroke" d="   M 264.31 500.28   L 264.29 498.33   A 0.28 0.28 0.0 0 0 263.89 498.08   Q 263.60 498.22 263.58 498.67   Q 263.04 512.06 264.14 525.23"/>
<path stroke="transparent" vector-effect="non-scaling-stroke" d="   M 264.14 525.23   Q 264.99 531.18 265.61 537.19   Q 266.48 545.84 267.01 549.14   Q 272.37 582.92 286.96 614.55   Q 294.19 630.21 303.14 643.84   Q 317.77 666.09 332.64 681.85   Q 375.11 726.81 433.78 745.41   A 0.30 0.30 0.0 0 0 434.04 744.88   Q 420.85 735.87 408.45 726.77   Q 386.70 710.80 366.87 690.13   C 337.71 659.72 315.66 621.48 306.14 580.49   Q 300.63 556.75 300.40 532.76   C 300.24 515.80 300.99 499.07 301.07 482.74   Q 301.23 448.37 301.18 403.07   C 301.17 396.00 301.65 389.50 301.10 382.56   A 0.38 0.38 0.0 0 0 300.40 382.40   Q 289.66 400.20 283.14 415.97   Q 266.41 456.49 264.31 500.28"/>
<path stroke="#04345a" vector-effect="non-scaling-stroke" d="   M 264.14 525.23   L 264.31 500.28"/>
<path stroke="transparent" vector-effect="non-scaling-stroke" d="   M 544.82 749.88   C 582.49 730.54 616.99 706.58 645.66 675.67   C 682.11 636.37 703.30 588.42 704.91 534.48   A 0.50 0.50 0.0 0 0 704.41 533.97   L 544.78 533.97   A 0.15 0.14 -0.0 0 0 544.63 534.11   L 544.28 749.56   A 0.37 0.36 -13.9 0 0 544.82 749.88"/>
<path stroke="transparent" vector-effect="non-scaling-stroke" d="   M 484.54 534.73   L 319.32 533.84   A 0.80 0.79 -0.7 0 0 318.52 534.65   Q 319.36 577.00 337.55 615.48   Q 356.29 655.13 386.82 684.93   C 415.76 713.18 449.13 735.28 485.15 753.06   A 0.40 0.39 13.2 0 0 485.72 752.71   Q 485.92 591.03 485.93 579.25   Q 485.95 550.31 485.48 535.64   A 0.94 0.94 0.0 0 0 484.54 534.73"/>
<path stroke="transparent" vector-effect="non-scaling-stroke" d="   M 471.93 357.98   L 462.50 358.02   A 0.64 0.64 0.0 0 1 461.86 357.38   L 461.90 350.48   A 0.86 0.86 0.0 0 0 461.21 349.64   Q 442.06 345.67 427.50 346.25   Q 415.33 346.73 404.76 352.70   A 2.27 2.25 -43.2 0 1 402.43 352.64   Q 394.45 347.50 384.61 346.92   Q 365.63 345.80 346.40 349.77   A 0.59 0.59 0.0 0 0 345.92 350.36   L 345.95 357.17   A 0.85 0.84 90.0 0 1 345.11 358.02   L 335.75 358.06   A 0.78 0.78 0.0 0 0 334.97 358.80   C 333.39 386.86 332.87 416.19 334.27 446.00   Q 334.34 447.60 334.79 450.57   A 0.99 0.99 0.0 0 0 335.77 451.41   L 390.22 451.70   A 2.35 2.33 66.9 0 1 391.81 452.35   C 397.53 457.86 408.22 458.55 413.87 452.71   A 3.29 3.29 0.0 0 1 416.24 451.70   L 471.77 451.46   A 0.93 0.92 -88.0 0 0 472.69 450.59   Q 474.69 419.13 473.42 389.78   C 472.92 378.46 472.95 369.34 472.58 358.60   A 0.64 0.64 0.0 0 0 471.93 357.98"/>
<path stroke="transparent" vector-effect="non-scaling-stroke" d="   M 453.05 429.90   L 453.05 361.13   A 0.92 0.91 8.7 0 0 452.40 360.26   Q 439.74 356.44 425.89 357.13   C 419.77 357.44 412.32 359.70 408.19 364.30   A 2.72 2.71 65.8 0 0 407.51 366.10   L 407.51 431.38   A 0.39 0.38 81.2 0 0 408.01 431.75   Q 408.81 431.50 410.62 430.60   C 422.58 424.65 439.77 426.70 452.37 430.41   A 0.53 0.53 0.0 0 0 453.05 429.90"/>
<path stroke="transparent" vector-effect="non-scaling-stroke" d="   M 399.60 432.27   Q 399.44 430.25 399.43 429.75   Q 399.37 422.33 399.36 367.72   C 399.36 365.66 398.61 364.78 397.15 363.64   C 385.08 354.22 367.94 357.30 354.34 361.33   A 0.54 0.54 0.0 0 0 353.95 361.85   L 353.95 429.92   A 0.47 0.46 82.0 0 0 354.54 430.37   C 369.13 426.09 385.75 424.65 399.23 432.51   A 0.25 0.25 0.0 0 0 399.60 432.27"/>
<path stroke="transparent" vector-effect="non-scaling-stroke" d="   M 613.33 609.33   Q 615.74 597.09 620.37 585.16   Q 623.40 577.38 624.39 567.73   C 625.44 557.50 623.21 547.14 617.92 538.67   A 0.62 0.61 55.4 0 0 617.03 538.50   Q 614.30 540.55 612.31 543.30   C 606.88 550.79 604.01 559.27 603.77 568.51   C 603.53 577.97 604.86 586.49 606.62 596.38   Q 607.48 601.25 607.50 608.18   A 0.34 0.33 15.8 0 1 606.99 608.46   Q 606.40 608.11 606.31 607.42   C 604.15 591.71 594.98 576.19 580.50 569.05   A 1.02 1.02 0.0 0 0 579.03 569.91   C 578.43 580.61 579.23 590.47 584.89 599.71   C 589.44 607.14 597.30 614.14 604.27 619.06   A 2.04 2.02 -64.8 0 1 605.05 621.26   Q 601.90 632.68 599.82 641.04   Q 599.67 641.61 599.32 641.96   A 0.66 0.66 0.0 0 1 598.19 641.48   Q 598.50 625.64 588.58 613.67   Q 581.89 605.59 574.28 600.16   A 0.84 0.84 0.0 0 0 572.98 600.60   C 571.08 606.84 571.75 614.76 573.21 621.04   C 576.16 633.78 584.76 644.87 595.11 652.74   A 1.35 1.34 32.5 0 1 595.49 654.43   Q 588.73 667.67 584.65 674.92   Q 584.28 675.59 583.54 676.08   A 0.41 0.41 0.0 0 1 582.91 675.67   Q 585.39 661.33 579.70 648.75   C 577.09 642.99 572.14 636.90 567.79 632.15   A 0.64 0.63 -54.0 0 0 566.75 632.32   C 558.53 649.97 563.31 670.52 578.63 682.47   A 0.88 0.88 0.0 0 1 578.80 683.69   Q 571.21 694.08 561.72 702.03   A 2.56 2.55 -37.9 0 0 561.29 705.49   L 563.51 708.56   A 2.19 2.19 0.0 0 0 566.59 709.03   C 574.42 703.23 580.79 694.55 585.93 686.29   A 4.20 4.19 -75.1 0 1 589.35 684.30   Q 593.64 684.13 599.50 683.54   C 614.98 682.00 629.20 672.33 633.50 656.79   A 0.46 0.46 0.0 0 0 632.98 656.21   Q 631.67 656.43 622.99 657.73   Q 611.65 659.43 602.70 665.69   Q 599.69 667.79 593.19 674.14   A 0.45 0.45 0.0 0 1 592.58 674.16   L 592.57 674.15   A 0.52 0.51 -51.7 0 1 592.49 673.45   Q 598.26 665.81 601.72 657.37   C 602.36 655.80 603.55 654.33 605.06 654.01   C 617.63 651.31 629.10 646.46 637.34 636.39   C 642.81 629.71 647.61 620.30 646.96 611.90   A 0.38 0.38 0.0 0 0 646.48 611.57   C 633.32 615.15 620.91 623.20 612.94 634.41   Q 610.46 637.91 607.84 641.83   A 0.40 0.40 0.0 0 1 607.12 641.51   L 612.42 621.06   A 3.25 3.24 84.6 0 1 614.18 618.93   C 627.40 612.65 639.91 605.80 645.93 592.19   Q 650.22 582.48 649.73 571.47   A 0.66 0.66 0.0 0 0 648.87 570.87   C 630.54 576.61 620.96 590.15 614.29 609.19   A 0.45 0.44 86.7 0 1 614.07 609.44   L 613.72 609.62   A 0.27 0.27 0.0 0 1 613.33 609.33"/>
<path stroke="transparent" vector-effect="non-scaling-stroke" d="   M 398.28 613.20   L 389.94 613.42   A 4.43 4.43 0.0 0 0 385.65 618.23   L 385.67 618.61   A 4.73 4.73 0.0 0 0 390.39 623.04   L 444.49 623.04   A 4.58 4.58 0.0 0 0 449.05 618.89   L 449.11 618.31   A 4.42 4.41 3.7 0 0 444.84 613.45   L 435.79 613.19"/>
<path stroke="transparent" vector-effect="non-scaling-stroke" d="   M 435.79 613.19   Q 445.69 606.93 447.54 597.26   Q 448.85 590.36 446.43 581.10   C 444.60 574.09 439.59 568.24 434.53 562.51   A 0.31 0.31 0.0 0 0 433.99 562.71   Q 434.00 564.41 434.20 566.24   Q 434.92 572.80 432.90 578.55   A 0.93 0.92 29.1 0 1 431.44 578.96   Q 430.55 578.23 429.81 577.03   A 2.57 2.48 25.5 0 1 429.50 576.20   Q 428.59 571.31 427.56 566.73   Q 424.00 550.87 410.70 542.36   A 0.54 0.54 0.0 0 0 409.87 542.79   Q 409.42 554.57 401.36 563.10   C 397.81 566.86 393.38 570.79 390.59 575.24   Q 382.44 588.24 388.49 602.71   Q 391.17 609.12 398.28 613.20"/>
<path stroke="transparent" vector-effect="non-scaling-stroke" d="   M 435.79 613.19   L 426.62 613.21"/>
<path stroke="transparent" vector-effect="non-scaling-stroke" d="   M 426.62 613.21   Q 423.85 606.94 420.14 601.30   Q 417.56 597.38 416.75 595.47   C 414.65 590.50 414.28 587.11 413.35 580.46   A 0.60 0.59 64.6 0 0 412.36 580.10   Q 396.92 594.51 409.62 613.29"/>
<path stroke="transparent" vector-effect="non-scaling-stroke" d="   M 409.62 613.29   L 398.28 613.20"/>
<path stroke="transparent" vector-effect="non-scaling-stroke" d="   M 426.62 613.21   L 409.62 613.29"/>
<path stroke="transparent" vector-effect="non-scaling-stroke" d="   M 426.79 703.35   Q 427.58 699.40 427.75 694.52   Q 428.76 665.89 429.51 652.61   A 5.02 5.01 -20.6 0 1 431.01 649.31   Q 438.48 642.03 439.60 640.85   Q 442.55 637.72 443.45 635.23   C 444.70 631.78 443.61 628.20 439.49 628.19   Q 406.06 628.11 394.25 628.15   C 388.71 628.17 390.07 635.12 392.59 637.91   Q 398.34 644.28 404.36 649.45   A 3.80 3.78 -71.0 0 1 405.68 652.17   Q 406.78 677.67 406.94 685.62   Q 407.00 688.54 408.38 689.89   Q 416.49 697.81 426.37 703.54   A 0.28 0.28 0.0 0 0 426.79 703.35"/>
<path stroke="transparent" vector-effect="non-scaling-stroke" d="   M 395.6710 788.4666   A 23.22 16.86 -67.7 0 0 371.2610 803.5524   A 23.22 16.86 -67.7 0 0 378.0490 831.4334   A 23.22 16.86 -67.7 0 0 402.4590 816.3476   A 23.22 16.86 -67.7 0 0 395.6710 788.4666"/>
</g>
<path fill="transparent" d="   M 1024.00 0.00   L 1024.00 1024.00   L 0.00 1024.00   L 0.00 0.00   L 1024.00 0.00   Z   M 216.25 781.32   C 259.33 828.43 313.78 866.01 374.12 887.87   Q 424.65 906.17 476.35 910.89   Q 489.14 912.05 506.67 912.28   Q 527.74 912.55 537.01 911.95   C 605.35 907.52 671.76 886.06 729.09 848.37   C 829.19 782.57 897.61 677.21 910.72 557.75   Q 912.38 542.64 912.72 536.50   Q 914.06 512.31 912.92 487.77   Q 909.09 405.21 872.90 330.83   C 853.13 290.19 825.30 253.36 792.97 222.05   C 737.04 167.89 665.44 131.28 589.18 116.57   Q 562.11 111.35 530.59 109.93   Q 501.19 109.63 493.50 110.05   Q 377.32 116.32 283.86 179.59   C 236.12 211.90 196.19 254.19 166.95 303.20   Q 114.34 391.36 110.44 494.26   Q 108.20 553.63 121.81 607.18   Q 146.83 705.61 216.25 781.32   Z" style="pointer-events:none;"/>
<path fill="#070707" d="   M 530.59 109.93   Q 529.44 110.91 528.63 110.89   Q 490.27 109.81 453.98 115.03   Q 361.46 128.35 283.71 181.03   Q 268.42 191.39 254.11 203.54   Q 239.40 216.02 226.74 228.74   C 219.27 236.24 214.63 241.88 207.99 249.33   C 200.19 258.10 193.14 268.00 187.54 275.03   C 182.94 280.80 179.27 287.17 175.34 292.72   C 170.11 300.10 165.85 308.34 160.53 317.06   C 157.49 322.05 155.08 327.37 151.85 333.76   C 150.07 337.26 149.24 341.32 146.91 344.24   A 3.85 3.75 76.7 0 0 146.40 345.09   Q 144.01 350.76 139.00 362.52   Q 136.04 369.46 128.23 393.38   C 126.02 400.14 124.84 405.89 122.88 413.27   Q 120.91 420.69 119.40 428.29   Q 110.88 471.05 111.34 515.35   Q 111.39 520.81 111.67 524.15   Q 112.04 528.52 111.83 532.93   C 111.66 536.69 112.45 540.26 112.68 544.82   Q 113.09 553.05 115.37 569.24   C 115.67 571.36 115.33 573.35 116.06 574.80   Q 116.88 576.44 117.16 578.83   C 117.64 583.01 119.01 587.71 119.65 592.31   Q 119.69 592.61 120.64 596.88   C 125.05 616.60 131.12 635.96 138.65 655.60   Q 144.20 670.05 156.16 693.97   C 160.96 703.57 165.70 711.00 171.73 721.32   C 172.64 722.88 173.85 724.25 174.85 725.81   Q 183.49 739.25 185.71 742.05   C 190.93 748.64 194.97 754.91 200.31 761.19   Q 208.32 770.59 214.64 777.89   Q 215.33 778.68 216.25 781.32   Q 146.83 705.61 121.81 607.18   Q 108.20 553.63 110.44 494.26   Q 114.34 391.36 166.95 303.20   C 196.19 254.19 236.12 211.90 283.86 179.59   Q 377.32 116.32 493.50 110.05   Q 501.19 109.63 530.59 109.93   Z"/>
<path fill="#002652" d="   M 216.25 781.32   Q 215.33 778.68 214.64 777.89   Q 208.32 770.59 200.31 761.19   C 194.97 754.91 190.93 748.64 185.71 742.05   Q 183.49 739.25 174.85 725.81   C 173.85 724.25 172.64 722.88 171.73 721.32   C 165.70 711.00 160.96 703.57 156.16 693.97   Q 144.20 670.05 138.65 655.60   C 131.12 635.96 125.05 616.60 120.64 596.88   Q 119.69 592.61 119.65 592.31   C 119.01 587.71 117.64 583.01 117.16 578.83   Q 116.88 576.44 116.06 574.80   C 115.33 573.35 115.67 571.36 115.37 569.24   Q 113.09 553.05 112.68 544.82   C 112.45 540.26 111.66 536.69 111.83 532.93   Q 112.04 528.52 111.67 524.15   Q 111.39 520.81 111.34 515.35   Q 110.88 471.05 119.40 428.29   Q 120.91 420.69 122.88 413.27   C 124.84 405.89 126.02 400.14 128.23 393.38   Q 136.04 369.46 139.00 362.52   Q 144.01 350.76 146.40 345.09   A 3.85 3.75 76.7 0 1 146.91 344.24   C 149.24 341.32 150.07 337.26 151.85 333.76   C 155.08 327.37 157.49 322.05 160.53 317.06   C 165.85 308.34 170.11 300.10 175.34 292.72   C 179.27 287.17 182.94 280.80 187.54 275.03   C 193.14 268.00 200.19 258.10 207.99 249.33   C 214.63 241.88 219.27 236.24 226.74 228.74   Q 239.40 216.02 254.11 203.54   Q 268.42 191.39 283.71 181.03   Q 361.46 128.35 453.98 115.03   Q 490.27 109.81 528.63 110.89   Q 529.44 110.91 530.59 109.93   Q 562.11 111.35 589.18 116.57   C 665.44 131.28 737.04 167.89 792.97 222.05   C 825.30 253.36 853.13 290.19 872.90 330.83   Q 909.09 405.21 912.92 487.77   Q 914.06 512.31 912.72 536.50   Q 912.38 542.64 910.72 557.75   C 897.61 677.21 829.19 782.57 729.09 848.37   C 671.76 886.06 605.35 907.52 537.01 911.95   Q 527.74 912.55 506.67 912.28   Q 489.14 912.05 476.35 910.89   Q 424.65 906.17 374.12 887.87   C 313.78 866.01 259.33 828.43 216.25 781.32   Z   M 463.73 889.48   L 463.54 889.88   A 0.48 0.48 0.0 0 0 463.91 890.56   Q 470.86 891.45 471.06 891.48   Q 474.87 891.90 489.05 893.21   Q 498.52 894.09 506.42 893.76   C 514.05 893.44 522.75 893.81 530.88 893.29   Q 566.82 891.01 596.02 884.51   Q 621.05 878.93 651.08 867.54   Q 669.29 860.63 687.90 850.66   Q 708.92 839.40 722.73 829.96   Q 744.49 815.09 751.91 808.38   C 755.56 805.07 761.84 800.21 765.94 796.41   Q 786.62 777.25 800.56 761.58   Q 823.03 736.33 841.39 705.91   Q 845.76 698.67 853.17 684.97   Q 858.87 674.43 868.03 651.84   Q 886.85 605.41 892.36 553.01   Q 895.80 520.38 894.14 486.56   Q 893.78 479.17 892.85 470.62   Q 891.77 460.71 891.01 454.72   Q 888.83 437.44 884.41 419.10   Q 880.35 402.28 877.05 391.61   Q 871.90 374.96 864.27 356.88   Q 860.65 348.29 858.66 344.56   C 855.48 338.62 852.61 331.99 848.77 325.61   Q 846.81 322.33 844.88 318.83   C 841.21 312.14 836.89 305.79 833.23 299.70   Q 831.85 297.41 829.87 295.14   Q 828.15 293.16 826.62 290.47   Q 824.93 287.51 821.78 283.50   C 816.66 276.99 813.98 273.28 809.76 268.46   C 804.85 262.88 800.38 256.11 793.98 251.96   Q 747.82 202.64 688.19 172.06   Q 602.12 127.92 504.99 130.32   Q 483.25 130.85 463.51 133.35   Q 404.80 140.76 351.00 165.26   Q 254.09 209.39 194.49 297.73   C 145.53 370.31 123.98 457.18 131.41 544.34   C 137.30 613.36 163.50 682.13 206.15 738.35   C 251.63 798.30 313.13 845.47 383.68 870.35   Q 422.16 883.91 463.73 889.48   Z"/>
<path fill="#fdfdfd" d="   M 793.98 251.96   Q 866.68 330.99 886.49 434.65   C 894.07 474.29 895.35 515.54 890.86 555.87   C 882.24 633.31 849.12 705.51 797.04 763.55   C 760.77 803.97 717.71 836.47 668.56 858.85   Q 596.38 891.71 515.00 892.53   Q 489.23 892.78 463.73 889.48   Q 422.16 883.91 383.68 870.35   C 313.13 845.47 251.63 798.30 206.15 738.35   C 163.50 682.13 137.30 613.36 131.41 544.34   C 123.98 457.18 145.53 370.31 194.49 297.73   Q 254.09 209.39 351.00 165.26   Q 404.80 140.76 463.51 133.35   Q 483.25 130.85 504.99 130.32   Q 602.12 127.92 688.19 172.06   Q 747.82 202.64 793.98 251.96   Z   M 490.06 185.16   L 468.27 186.65   A 0.69 0.68 -3.3 0 1 467.54 186.01   L 466.39 169.08   A 3.30 3.29 60.6 0 1 466.99 166.92   Q 467.54 166.16 469.74 163.06   Q 470.46 162.06 469.76 161.31   Q 469.52 161.04 468.94 161.10   Q 462.15 161.73 448.78 162.62   A 0.77 0.76 -24.1 0 0 448.28 163.92   C 450.89 166.58 453.62 167.81 453.90 172.16   Q 454.27 177.90 456.63 213.17   C 456.94 217.67 454.92 219.41 452.27 222.41   A 0.91 0.91 0.0 0 0 453.01 223.92   L 474.12 222.48   A 1.18 1.18 0.0 0 0 474.86 220.46   C 473.66 219.30 471.63 218.31 470.70 216.57   Q 469.69 214.68 469.45 211.50   Q 468.39 197.15 468.27 196.50   A 1.00 1.00 0.0 0 1 469.19 195.32   L 490.84 193.92   A 0.79 0.79 0.0 0 1 491.68 194.67   Q 492.00 201.36 492.92 210.73   Q 493.32 214.73 491.02 217.28   Q 489.24 219.25 489.06 219.55   A 1.09 1.08 -75.8 0 0 490.04 221.20   L 510.34 220.15   A 0.97 0.96 68.8 0 0 511.03 218.57   Q 510.10 217.44 508.04 215.97   C 505.83 214.39 505.82 211.57 505.57 208.75   Q 503.85 189.02 502.31 171.73   C 501.80 165.99 502.49 165.05 506.54 160.74   A 1.16 1.16 0.0 0 0 505.62 158.79   L 484.75 160.21   A 0.89 0.89 0.0 0 0 484.22 161.76   C 486.37 163.68 489.39 166.40 489.52 168.32   Q 490.35 179.90 490.80 184.29   A 0.79 0.79 0.0 0 1 490.06 185.16   Z   M 547.59 170.08   Q 553.37 170.96 561.32 171.94   C 565.40 172.44 566.43 175.38 568.72 178.77   A 0.98 0.98 0.0 0 0 570.50 178.33   L 572.04 164.71   A 0.31 0.31 0.0 0 0 571.77 164.36   L 530.67 159.71   A 0.91 0.91 0.0 0 0 529.88 161.21   C 532.12 163.79 534.52 166.18 533.99 170.00   Q 533.26 175.26 528.87 207.85   C 528.57 210.08 528.45 212.74 527.08 214.36   Q 525.29 216.49 522.49 218.31   A 0.89 0.88 31.6 0 0 522.88 219.93   L 566.46 224.86   A 0.91 0.91 0.0 0 0 567.44 224.19   L 571.06 210.23   A 1.08 1.07 5.2 0 0 569.94 208.89   Q 569.10 208.95 568.76 209.25   C 565.41 212.19 562.64 215.25 558.97 215.07   Q 552.36 214.75 542.58 213.55   A 0.91 0.91 0.0 0 1 541.79 212.54   L 543.58 196.74   A 1.23 1.22 6.1 0 1 544.93 195.66   L 555.60 196.87   A 2.64 2.63 72.0 0 1 557.26 197.72   L 559.74 200.45   A 1.37 1.37 0.0 0 0 562.12 199.68   L 563.67 185.93   A 0.99 0.98 -17.0 0 0 562.05 185.07   C 557.10 189.31 551.19 188.00 545.58 187.06   A 0.54 0.53 8.5 0 1 545.14 186.47   L 546.94 170.58   A 0.57 0.56 7.2 0 1 547.59 170.08   Z   M 399.14 186.01   A 1.00 1.00 0.0 0 1 400.21 186.70   Q 406.84 207.22 411.91 225.61   C 413.08 229.88 411.06 231.49 409.93 234.38   A 0.99 0.99 0.0 0 0 411.13 235.70   L 431.45 229.86   A 0.95 0.95 0.0 0 0 431.61 228.10   C 426.95 225.75 424.96 224.30 423.43 218.97   Q 418.73 202.65 412.19 182.83   A 1.05 1.04 -18.0 0 1 412.87 181.50   L 419.84 179.30   A 6.85 6.83 49.9 0 1 425.02 179.75   L 431.72 183.21   A 1.12 1.12 0.0 0 0 433.34 182.36   Q 433.39 182.02 433.27 181.76   Q 430.01 174.68 427.79 168.65   A 1.04 1.04 0.0 0 0 426.50 168.02   L 381.04 182.35   A 1.76 1.75 -14.0 0 0 379.84 184.33   L 382.33 198.37   A 0.56 0.53 -81.7 0 0 382.58 198.73   Q 383.79 199.49 384.35 197.94   Q 388.24 187.21 399.14 186.01   Z   M 621.34 212.26   Q 623.17 211.83 624.87 211.37   C 636.72 208.16 642.10 194.17 634.74 184.10   C 631.20 179.27 625.53 176.37 619.79 174.75   Q 601.02 169.45 599.19 169.09   Q 598.00 168.86 597.09 169.03   A 0.65 0.64 -20.3 0 0 596.64 169.99   L 599.22 174.46   A 4.57 4.55 -52.0 0 1 599.65 178.03   Q 593.63 198.89 588.89 215.71   C 587.34 221.23 587.04 223.46 582.08 225.48   A 1.55 1.26 -32.2 0 0 581.32 227.73   Q 581.69 228.08 582.86 228.40   Q 591.34 230.78 600.30 233.58   A 1.27 1.27 0.0 0 0 601.86 231.91   L 601.58 231.17   A 0.03 0.02 31.7 0 0 601.57 231.15   C 599.33 228.12 598.74 226.29 599.97 222.40   Q 602.90 213.09 603.60 211.06   A 1.22 1.20 16.5 0 1 605.04 210.29   C 608.34 211.12 608.46 213.31 609.20 216.16   Q 612.13 227.42 615.05 236.94   A 2.43 2.40 3.2 0 0 616.40 238.43   Q 623.79 241.56 630.60 243.66   A 1.61 1.51 15.5 0 0 632.61 242.60   C 632.78 241.93 630.23 238.78 628.33 236.03   Q 626.53 233.41 624.92 227.91   Q 620.98 214.44 620.75 213.18   A 0.80 0.79 77.7 0 1 621.34 212.26   Z   M 688.16 205.76   Q 687.83 205.05 686.76 204.47   Q 678.31 199.87 669.44 195.32   Q 668.45 194.82 667.88 194.81   A 0.98 0.97 77.6 0 0 666.99 196.21   C 668.31 198.94 669.87 202.48 668.20 205.44   Q 658.42 222.81 647.55 242.04   C 645.78 245.17 643.78 245.51 640.40 246.41   A 1.19 1.19 0.0 0 0 640.15 248.61   L 658.00 257.97   A 0.98 0.98 0.0 0 0 659.42 256.94   C 658.96 254.30 656.99 250.77 658.57 248.10   Q 668.12 231.99 678.97 212.39   C 681.23 208.31 684.80 207.75 687.79 206.66   A 0.66 0.66 0.0 0 0 688.16 205.76   Z   M 357.39 259.10   C 354.76 257.85 352.11 258.53 351.51 254.73   Q 350.75 249.94 350.19 246.21   A 1.30 1.29 72.3 0 1 350.87 244.88   L 366.05 237.13   A 1.49 1.48 53.7 0 1 367.78 237.40   L 374.30 243.92   A 1.99 1.98 29.4 0 1 374.83 245.79   L 373.72 250.55   A 1.01 1.01 0.0 0 0 374.53 251.77   Q 374.67 251.79 374.95 251.65   Q 380.78 248.87 395.19 241.48   A 1.12 1.11 -48.5 0 0 395.07 239.44   Q 394.16 239.11 392.35 238.99   C 388.22 238.73 384.76 235.16 381.55 232.21   Q 366.73 218.54 345.85 199.49   A 0.75 0.73 51.6 0 0 345.01 199.38   L 335.93 204.02   A 1.60 1.60 0.0 0 0 335.07 205.71   Q 338.85 228.98 343.69 256.55   C 344.54 261.38 343.10 263.10 340.96 267.59   A 0.82 0.82 0.0 0 0 342.07 268.68   L 357.41 260.84   A 0.97 0.97 0.0 0 0 357.39 259.10   Z   M 707.63 238.55   L 705.94 289.76   A 3.98 3.95 18.5 0 0 707.66 293.17   L 711.26 295.64   A 0.64 0.64 0.0 0 0 712.12 295.51   Q 729.12 274.69 743.74 257.24   C 746.11 254.42 748.53 253.96 752.17 252.81   A 0.97 0.97 0.0 0 0 752.48 251.13   L 739.87 241.17   A 0.90 0.90 0.0 0 0 738.42 241.96   C 738.64 244.27 739.94 248.42 737.93 250.96   Q 736.39 252.91 719.54 273.04   A 0.48 0.48 0.0 0 1 718.69 272.72   L 720.18 227.80   A 2.78 2.77 -71.8 0 0 718.98 225.42   L 705.74 216.34   A 0.51 0.51 0.0 0 0 704.95 216.81   C 705.36 220.41 707.13 223.15 704.47 226.73   Q 698.03 235.38 684.03 254.77   C 680.33 259.90 678.04 262.18 671.69 264.11   A 1.19 1.19 0.0 0 0 671.42 266.26   L 685.11 274.61   A 1.18 1.18 0.0 0 0 686.89 273.44   Q 686.81 272.83 686.35 271.69   C 684.93 268.18 687.12 264.64 689.09 262.10   Q 692.29 257.95 707.01 238.33   A 0.34 0.34 0.0 0 1 707.63 238.55   Z   M 307.38 244.16   A 1.24 1.23 -30.7 0 0 307.85 242.32   L 301.73 233.87   A 1.42 1.41 -19.4 0 0 300.51 233.29   Q 288.66 233.96 280.48 240.97   C 270.02 249.92 267.02 264.48 272.37 276.98   C 274.98 283.09 280.54 289.19 286.31 292.21   Q 301.67 300.25 316.87 291.63   Q 325.77 286.58 330.66 277.40   Q 333.39 272.27 330.31 266.98   Q 327.92 262.88 327.01 262.21   A 1.33 1.31 61.9 0 0 326.21 261.96   Q 324.39 261.96 324.23 263.81   Q 323.80 268.86 322.88 271.86   C 320.03 281.11 312.35 286.65 302.51 284.67   C 286.38 281.42 270.82 256.26 289.38 245.51   C 294.82 242.36 300.10 243.23 306.25 244.36   Q 306.75 244.46 307.38 244.16   Z   M 248.73 548.09   C 254.81 592.64 272.11 633.78 299.31 669.98   Q 362.02 753.45 466.09 773.45   Q 467.90 773.80 485.47 776.31   C 487.64 776.62 490.58 777.47 492.12 778.11   Q 504.90 783.43 510.52 785.48   Q 512.29 786.13 514.24 785.27   Q 526.16 780.00 531.92 777.66   C 533.67 776.94 535.79 776.27 537.77 775.99   Q 545.62 774.84 553.46 773.79   C 612.89 764.79 667.33 734.67 707.41 690.66   Q 728.31 667.71 742.53 642.96   Q 782.77 572.94 777.01 491.00   Q 772.06 420.72 733.61 362.87   Q 729.83 357.19 725.21 350.61   A 6.23 6.17 27.4 0 1 724.08 347.11   Q 723.94 335.55 724.17 320.21   Q 724.20 317.65 721.60 316.87   Q 705.02 311.90 685.20 308.32   Q 682.18 307.77 680.58 306.48   C 639.90 273.56 590.05 252.57 537.73 248.07   Q 497.72 244.62 458.37 251.91   C 416.63 259.65 377.54 279.44 343.84 306.34   Q 340.73 308.83 339.11 309.16   C 324.05 312.22 314.03 314.35 301.61 318.10   A 1.09 1.08 -8.2 0 0 300.83 319.14   Q 300.87 346.26 300.87 346.95   C 300.87 348.89 300.29 350.43 299.30 351.80   Q 282.84 374.56 273.13 394.12   C 249.57 441.62 241.52 495.72 248.73 548.09   Z   M 752.31 339.69   L 764.04 331.20   A 1.09 1.09 0.0 0 0 763.61 329.25   C 760.58 328.68 755.74 330.01 753.28 327.72   Q 747.15 321.99 741.31 314.49   A 0.54 0.53 50.0 0 1 741.37 313.77   L 753.06 303.14   A 1.27 1.27 0.0 0 1 754.89 303.27   C 757.91 306.85 763.43 310.08 763.01 316.04   A 0.90 0.90 0.0 0 0 764.43 316.83   L 775.25 308.99   A 1.42 1.42 0.0 0 0 774.57 306.43   C 768.10 305.76 763.65 301.89 760.33 297.22   A 0.96 0.95 -38.9 0 1 760.47 295.97   L 771.92 285.57   A 0.52 0.52 0.0 0 1 772.65 285.60   Q 777.00 290.37 777.85 291.29   C 782.42 296.20 784.91 298.49 783.96 305.10   A 1.21 1.21 0.0 0 0 785.97 306.16   L 794.76 298.18   A 0.85 0.85 0.0 0 0 794.81 296.99   L 766.77 266.14   A 1.02 1.02 0.0 0 0 765.00 266.82   C 764.99 269.11 765.89 272.87 763.61 275.12   Q 748.41 290.11 731.29 305.29   C 728.48 307.78 725.21 307.03 722.52 307.12   A 0.71 0.70 79.4 0 0 721.88 308.06   Q 722.16 308.86 722.80 309.46   Q 738.10 324.09 750.87 339.51   A 1.07 1.06 52.0 0 0 752.31 339.69   Z   M 261.76 350.79   C 257.53 351.35 255.24 351.19 251.36 348.66   Q 250.60 348.17 218.79 328.09   A 0.81 0.81 0.0 0 1 218.50 327.02   C 220.46 323.27 223.34 317.22 227.14 316.15   Q 229.31 315.54 233.46 314.47   A 0.93 0.93 0.0 0 0 233.66 312.74   L 221.78 306.51   A 0.41 0.41 0.0 0 0 221.24 306.66   L 195.58 348.71   A 0.56 0.56 0.0 0 0 195.77 349.48   Q 200.37 352.20 205.40 354.75   A 1.02 0.95 26.2 0 0 206.75 354.34   Q 206.98 353.87 206.81 353.24   C 205.32 347.80 208.70 343.71 211.29 339.58   A 1.22 1.22 0.0 0 1 212.96 339.19   Q 225.78 346.99 245.00 358.91   C 248.70 361.20 249.50 362.44 250.91 366.39   A 1.11 1.11 0.0 0 0 252.87 366.65   L 262.70 352.32   A 0.98 0.98 0.0 0 0 261.76 350.79   Z   M 799.89 325.08   Q 795.31 325.72 790.45 323.21   A 1.74 1.74 0.0 0 0 787.92 324.58   L 787.91 324.65   A 3.68 3.67 -72.7 0 0 789.80 328.25   Q 794.69 330.91 799.67 330.88   C 803.61 330.86 809.50 329.73 812.15 326.41   Q 815.87 321.72 812.82 317.35   Q 809.59 312.76 804.48 314.34   C 799.72 315.81 799.32 320.00 800.36 324.39   A 0.57 0.56 -11.1 0 1 799.89 325.08   Z   M 274.90 331.20   A 6.50 6.50 0.0 0 0 268.40 324.70   A 6.50 6.50 0.0 0 0 261.90 331.20   A 6.50 6.50 0.0 0 0 268.40 337.70   A 6.50 6.50 0.0 0 0 274.90 331.20   Z   M 786.99 358.70   A 1.38 1.38 0.0 0 0 785.09 357.82   L 775.46 362.18   A 2.29 2.29 0.0 0 0 774.13 364.02   C 772.84 375.81 776.99 388.29 787.78 394.04   C 793.33 397.00 800.95 397.00 806.20 393.12   C 815.02 386.61 812.66 375.11 811.30 365.52   C 810.67 361.08 812.43 355.44 817.42 354.64   Q 821.19 354.05 823.69 356.12   Q 830.04 361.40 827.37 369.65   C 826.56 372.14 823.90 375.47 822.55 377.32   A 1.64 1.64 0.0 0 0 824.55 379.77   L 834.96 375.06   A 1.79 1.77 -9.7 0 0 835.99 373.62   Q 836.57 367.95 835.63 362.58   C 834.06 353.51 828.04 345.54 818.91 343.90   C 807.18 341.78 798.35 349.95 798.86 361.79   Q 799.11 367.44 799.91 375.51   Q 800.23 378.80 798.74 381.59   C 796.54 385.70 790.98 386.04 787.63 383.37   Q 781.57 378.53 782.23 370.72   C 782.50 367.52 785.07 363.78 786.61 361.13   Q 787.33 359.90 786.99 358.70   Z   M 212.26 412.99   Q 212.38 413.30 213.40 413.88   Q 215.73 415.20 224.15 419.42   A 0.65 0.64 38.5 0 0 224.82 419.35   C 231.76 413.99 238.56 405.92 239.58 397.24   C 241.35 382.19 226.06 368.59 212.07 378.00   C 208.39 380.48 204.19 385.56 200.61 388.84   C 189.85 398.70 180.87 384.94 192.07 377.49   Q 194.86 375.63 199.05 374.80   Q 200.71 374.48 201.97 373.47   A 1.27 1.27 0.0 0 0 201.49 371.25   L 189.88 368.24   A 0.98 0.96 29.6 0 0 188.95 368.49   C 180.82 376.60 175.22 387.40 181.47 398.33   C 186.87 407.77 198.79 408.35 206.36 401.30   Q 214.23 393.97 216.87 391.69   Q 221.49 387.69 226.54 389.52   Q 231.21 391.22 231.28 396.10   Q 231.39 404.00 223.86 408.95   A 4.18 4.13 -67.1 0 1 222.36 409.57   Q 218.51 410.34 214.25 410.54   A 2.10 1.81 -10.1 0 0 212.26 412.99   Z   M 665.05 764.79   Q 666.01 765.09 667.58 765.08   C 671.16 765.06 673.51 766.29 675.77 769.51   Q 694.05 795.48 697.45 800.55   C 699.70 803.90 698.85 806.76 698.04 810.49   A 1.02 1.02 0.0 0 0 698.95 811.72   Q 699.40 811.76 699.74 811.51   Q 721.97 795.16 734.61 786.00   A 0.84 0.84 0.0 0 0 734.87 784.94   L 728.51 772.51   A 1.02 1.01 38.8 0 0 726.62 772.71   C 725.83 775.78 725.67 781.53 722.55 783.82   Q 712.36 791.27 709.26 793.66   A 0.53 0.52 -37.2 0 1 708.51 793.56   L 699.31 780.85   A 1.20 1.20 0.0 0 1 699.60 779.16   C 703.64 776.35 706.86 773.74 710.01 772.52   C 711.38 771.99 713.35 773.08 714.91 772.88   A 1.04 1.03 -18.7 0 0 715.68 771.34   L 708.76 759.35   A 1.06 1.06 0.0 0 0 706.83 759.55   C 704.64 766.24 700.18 768.98 694.74 772.63   A 0.61 0.60 -35.1 0 1 693.92 772.49   L 685.42 760.75   A 1.34 1.33 -36.5 0 1 685.70 758.90   Q 690.82 755.06 695.40 751.72   C 698.65 749.35 701.17 749.87 705.48 750.27   A 1.00 1.00 0.0 0 0 706.38 748.69   L 699.38 739.03   A 0.76 0.75 53.8 0 0 698.32 738.86   L 664.78 763.14   A 0.94 0.93 35.8 0 0 665.05 764.79   Z   M 336.08 799.69   C 326.75 801.09 317.02 801.29 311.28 792.43   C 308.84 788.66 308.56 784.57 309.00 780.26   C 310.09 769.58 317.32 757.19 328.76 755.99   C 340.59 754.75 347.32 763.62 348.09 774.51   A 1.78 1.65 82.0 0 0 350.10 776.15   Q 350.69 776.01 351.74 774.98   Q 355.56 771.26 357.37 769.14   A 2.59 2.59 0.0 0 0 357.74 766.32   C 348.12 746.40 323.37 738.15 306.13 754.66   Q 295.79 764.55 295.94 779.00   C 296.12 795.39 308.72 805.92 323.53 809.46   C 327.08 810.31 329.06 810.54 331.75 807.92   Q 335.63 804.15 337.33 801.72   A 1.30 1.30 0.0 0 0 336.08 799.69   Z   M 646.71 808.23   C 649.82 809.67 652.82 809.84 655.04 813.46   Q 656.92 816.55 658.42 819.90   C 659.22 821.71 658.65 822.76 657.39 824.14   C 650.91 831.24 640.39 829.73 633.28 824.44   C 626.21 819.19 622.45 810.79 622.96 801.98   C 623.58 791.27 631.99 785.14 642.78 785.98   Q 644.96 786.15 651.46 787.26   A 1.20 1.20 0.0 0 0 652.81 785.71   L 650.66 778.88   A 3.17 3.17 0.0 0 0 647.89 776.67   C 632.93 775.41 615.54 783.17 611.78 798.80   C 608.16 813.81 614.35 829.59 628.22 836.49   C 643.85 844.28 661.23 835.41 670.84 823.35   Q 672.77 820.94 671.17 818.16   Q 667.90 812.49 665.98 808.99   Q 663.56 804.59 664.80 799.64   A 1.12 1.12 0.0 0 0 663.21 798.37   L 646.68 806.82   A 0.79 0.78 43.9 0 0 646.71 808.23   Z   M 412.9746 792.1489   A 31.88 31.03 -34.4 0 0 369.1391 784.5567   A 31.88 31.03 -34.4 0 0 360.3654 828.1711   A 31.88 31.03 -34.4 0 0 404.2009 835.7633   A 31.88 31.03 -34.4 0 0 412.9746 792.1489   Z   M 572.86 832.75   Q 578.60 831.58 582.43 831.12   Q 586.62 830.62 589.80 832.81   A 1.00 1.00 0.0 0 0 591.27 832.42   C 591.71 831.50 590.18 823.69 589.32 818.02   A 0.98 0.98 0.0 0 0 587.53 817.62   C 583.73 823.26 578.29 823.23 571.66 824.38   A 0.76 0.76 0.0 0 1 570.77 823.76   L 568.19 809.27   A 0.52 0.51 79.5 0 1 568.59 808.68   Q 575.87 807.16 581.02 806.30   C 584.93 805.65 587.19 806.21 589.88 808.99   A 1.19 1.19 0.0 0 0 591.91 807.95   L 590.00 797.21   A 1.43 1.43 0.0 0 0 588.31 796.05   Q 570.14 799.77 551.37 803.34   Q 550.19 803.57 548.63 804.38   A 0.62 0.61 -43.4 0 0 548.60 805.45   L 553.95 808.72   A 2.87 2.83 -84.4 0 1 555.17 810.23   Q 555.55 811.13 556.11 814.64   Q 559.92 838.62 561.38 847.56   Q 562.22 852.70 561.91 855.02   A 4.69 4.58 66.1 0 1 561.18 856.98   L 559.13 860.12   A 1.11 1.11 0.0 0 0 559.81 861.81   Q 560.20 861.91 560.99 861.75   Q 579.35 858.16 598.74 854.01   Q 600.48 853.63 602.95 852.92   A 1.44 1.43 80.0 0 0 603.98 851.44   L 603.05 837.76   A 0.97 0.97 0.0 0 0 601.60 836.98   Q 600.89 837.39 600.62 837.88   C 598.04 842.43 595.98 845.79 590.27 847.02   Q 576.83 849.92 576.01 850.00   A 0.83 0.83 0.0 0 1 575.13 849.32   L 572.33 833.53   A 0.67 0.67 0.0 0 1 572.86 832.75   Z   M 437.45 798.39   L 441.06 803.39   A 2.97 2.95 32.6 0 1 441.58 805.71   Q 438.83 820.21 433.73 846.99   C 433.15 850.01 430.69 851.61 428.08 853.57   A 0.92 0.92 0.0 0 0 428.00 854.97   Q 428.32 855.28 428.89 855.37   Q 450.96 859.03 470.41 862.05   A 1.71 1.71 0.0 0 0 472.33 860.79   L 475.59 848.21   A 1.03 1.03 0.0 0 0 474.00 847.11   C 470.87 849.32 467.55 852.26 463.01 851.92   Q 455.99 851.40 447.51 849.61   A 0.74 0.73 -81.7 0 1 446.93 848.82   Q 447.12 846.70 447.63 844.13   Q 451.07 827.08 454.16 810.31   C 454.90 806.29 457.18 805.23 460.75 802.99   A 1.05 1.05 0.0 0 0 460.40 801.07   L 438.46 796.80   A 1.01 1.01 0.0 0 0 437.45 798.39   Z   M 492.05 807.05   C 493.24 808.88 496.13 810.20 497.04 812.17   Q 498.09 814.43 498.05 815.27   Q 497.20 836.18 496.87 854.55   C 496.79 858.65 494.20 860.16 492.47 862.46   A 1.17 1.17 0.0 0 0 493.41 864.33   L 536.05 864.33   A 0.62 0.61 -86.9 0 0 536.66 863.78   L 538.24 849.88   A 1.03 1.03 0.0 0 0 536.56 848.98   Q 535.57 849.81 533.53 852.05   C 529.64 856.34 526.01 856.00 519.78 856.01   Q 515.76 856.02 510.82 855.91   A 0.90 0.89 1.0 0 1 509.94 855.01   Q 510.03 834.22 510.45 815.77   C 510.54 811.92 513.10 810.15 515.80 807.67   A 0.98 0.98 0.0 0 0 515.14 805.97   L 492.64 805.97   A 0.70 0.70 0.0 0 0 492.05 807.05   Z"/>
<path fill="#070707" d="   M 490.80 184.29   Q 490.35 179.90 489.52 168.32   C 489.39 166.40 486.37 163.68 484.22 161.76   A 0.89 0.89 0.0 0 1 484.75 160.21   L 505.62 158.79   A 1.16 1.16 0.0 0 1 506.54 160.74   C 502.49 165.05 501.80 165.99 502.31 171.73   Q 503.85 189.02 505.57 208.75   C 505.82 211.57 505.83 214.39 508.04 215.97   Q 510.10 217.44 511.03 218.57   A 0.97 0.96 68.8 0 1 510.34 220.15   L 490.04 221.20   A 1.09 1.08 -75.8 0 1 489.06 219.55   Q 489.24 219.25 491.02 217.28   Q 493.32 214.73 492.92 210.73   Q 492.00 201.36 491.68 194.67   A 0.79 0.79 0.0 0 0 490.84 193.92   L 469.19 195.32   A 1.00 1.00 0.0 0 0 468.27 196.50   Q 468.39 197.15 469.45 211.50   Q 469.69 214.68 470.70 216.57   C 471.63 218.31 473.66 219.30 474.86 220.46   A 1.18 1.18 0.0 0 1 474.12 222.48   L 453.01 223.92   A 0.91 0.91 0.0 0 1 452.27 222.41   C 454.92 219.41 456.94 217.67 456.63 213.17   Q 454.27 177.90 453.90 172.16   C 453.62 167.81 450.89 166.58 448.28 163.92   A 0.77 0.76 -24.1 0 1 448.78 162.62   Q 462.15 161.73 468.94 161.10   Q 469.52 161.04 469.76 161.31   Q 470.46 162.06 469.74 163.06   Q 467.54 166.16 466.99 166.92   A 3.30 3.29 60.6 0 0 466.39 169.08   L 467.54 186.01   A 0.69 0.68 -3.3 0 0 468.27 186.65   L 490.06 185.16   A 0.79 0.79 0.0 0 0 490.80 184.29   Z"/>
<path fill="#070707" d="   M 547.59 170.08   A 0.57 0.56 7.2 0 0 546.94 170.58   L 545.14 186.47   A 0.54 0.53 8.5 0 0 545.58 187.06   C 551.19 188.00 557.10 189.31 562.05 185.07   A 0.99 0.98 -17.0 0 1 563.67 185.93   L 562.12 199.68   A 1.37 1.37 0.0 0 1 559.74 200.45   L 557.26 197.72   A 2.64 2.63 72.0 0 0 555.60 196.87   L 544.93 195.66   A 1.23 1.22 6.1 0 0 543.58 196.74   L 541.79 212.54   A 0.91 0.91 0.0 0 0 542.58 213.55   Q 552.36 214.75 558.97 215.07   C 562.64 215.25 565.41 212.19 568.76 209.25   Q 569.10 208.95 569.94 208.89   A 1.08 1.07 5.2 0 1 571.06 210.23   L 567.44 224.19   A 0.91 0.91 0.0 0 1 566.46 224.86   L 522.88 219.93   A 0.89 0.88 31.6 0 1 522.49 218.31   Q 525.29 216.49 527.08 214.36   C 528.45 212.74 528.57 210.08 528.87 207.85   Q 533.26 175.26 533.99 170.00   C 534.52 166.18 532.12 163.79 529.88 161.21   A 0.91 0.91 0.0 0 1 530.67 159.71   L 571.77 164.36   A 0.31 0.31 0.0 0 1 572.04 164.71   L 570.50 178.33   A 0.98 0.98 0.0 0 1 568.72 178.77   C 566.43 175.38 565.40 172.44 561.32 171.94   Q 553.37 170.96 547.59 170.08   Z"/>
<path fill="#070707" d="   M 399.14 186.01   Q 388.24 187.21 384.35 197.94   Q 383.79 199.49 382.58 198.73   A 0.56 0.53 -81.7 0 1 382.33 198.37   L 379.84 184.33   A 1.76 1.75 -14.0 0 1 381.04 182.35   L 426.50 168.02   A 1.04 1.04 0.0 0 1 427.79 168.65   Q 430.01 174.68 433.27 181.76   Q 433.39 182.02 433.34 182.36   A 1.12 1.12 0.0 0 1 431.72 183.21   L 425.02 179.75   A 6.85 6.83 49.9 0 0 419.84 179.30   L 412.87 181.50   A 1.05 1.04 -18.0 0 0 412.19 182.83   Q 418.73 202.65 423.43 218.97   C 424.96 224.30 426.95 225.75 431.61 228.10   A 0.95 0.95 0.0 0 1 431.45 229.86   L 411.13 235.70   A 0.99 0.99 0.0 0 1 409.93 234.38   C 411.06 231.49 413.08 229.88 411.91 225.61   Q 406.84 207.22 400.21 186.70   A 1.00 1.00 0.0 0 0 399.14 186.01   Z"/>
<path fill="#070707" d="   M 620.75 213.18   Q 620.98 214.44 624.92 227.91   Q 626.53 233.41 628.33 236.03   C 630.23 238.78 632.78 241.93 632.61 242.60   A 1.61 1.51 15.5 0 1 630.60 243.66   Q 623.79 241.56 616.40 238.43   A 2.43 2.40 3.2 0 1 615.05 236.94   Q 612.13 227.42 609.20 216.16   C 608.46 213.31 608.34 211.12 605.04 210.29   A 1.22 1.20 16.5 0 0 603.60 211.06   Q 602.90 213.09 599.97 222.40   C 598.74 226.29 599.33 228.12 601.57 231.15   A 0.03 0.02 31.7 0 1 601.58 231.17   L 601.86 231.91   A 1.27 1.27 0.0 0 1 600.30 233.58   Q 591.34 230.78 582.86 228.40   Q 581.69 228.08 581.32 227.73   A 1.55 1.26 -32.2 0 1 582.08 225.48   C 587.04 223.46 587.34 221.23 588.89 215.71   Q 593.63 198.89 599.65 178.03   A 4.57 4.55 -52.0 0 0 599.22 174.46   L 596.64 169.99   A 0.65 0.64 -20.3 0 1 597.09 169.03   Q 598.00 168.86 599.19 169.09   Q 601.02 169.45 619.79 174.75   C 625.53 176.37 631.20 179.27 634.74 184.10   C 642.10 194.17 636.72 208.16 624.87 211.37   Q 623.17 211.83 621.34 212.26   A 0.80 0.79 77.7 0 0 620.75 213.18   Z   M 612.10 181.47   L 606.24 201.26   A 0.76 0.76 0.0 0 0 606.75 202.20   L 609.91 203.14   A 11.40 10.55 16.5 0 0 623.84 196.26   L 624.14 195.25   A 11.40 10.55 16.5 0 0 616.21 181.89   L 613.04 180.96   A 0.76 0.76 0.0 0 0 612.10 181.47   Z"/>
<path fill="#fdfdfd" d="   M 612.10 181.47   A 0.76 0.76 0.0 0 1 613.04 180.96   L 616.21 181.89   A 11.40 10.55 16.5 0 1 624.14 195.25   L 623.84 196.26   A 11.40 10.55 16.5 0 1 609.91 203.14   L 606.75 202.20   A 0.76 0.76 0.0 0 1 606.24 201.26   L 612.10 181.47   Z"/>
<path fill="#070707" d="   M 688.16 205.76   A 0.66 0.66 0.0 0 1 687.79 206.66   C 684.80 207.75 681.23 208.31 678.97 212.39   Q 668.12 231.99 658.57 248.10   C 656.99 250.77 658.96 254.30 659.42 256.94   A 0.98 0.98 0.0 0 1 658.00 257.97   L 640.15 248.61   A 1.19 1.19 0.0 0 1 640.40 246.41   C 643.78 245.51 645.78 245.17 647.55 242.04   Q 658.42 222.81 668.20 205.44   C 669.87 202.48 668.31 198.94 666.99 196.21   A 0.98 0.97 77.6 0 1 667.88 194.81   Q 668.45 194.82 669.44 195.32   Q 678.31 199.87 686.76 204.47   Q 687.83 205.05 688.16 205.76   Z"/>
<path fill="#070707" d="   M 357.39 259.10   A 0.97 0.97 0.0 0 1 357.41 260.84   L 342.07 268.68   A 0.82 0.82 0.0 0 1 340.96 267.59   C 343.10 263.10 344.54 261.38 343.69 256.55   Q 338.85 228.98 335.07 205.71   A 1.60 1.60 0.0 0 1 335.93 204.02   L 345.01 199.38   A 0.75 0.73 51.6 0 1 345.85 199.49   Q 366.73 218.54 381.55 232.21   C 384.76 235.16 388.22 238.73 392.35 238.99   Q 394.16 239.11 395.07 239.44   A 1.12 1.11 -48.5 0 1 395.19 241.48   Q 380.78 248.87 374.95 251.65   Q 374.67 251.79 374.53 251.77   A 1.01 1.01 0.0 0 1 373.72 250.55   L 374.83 245.79   A 1.99 1.98 29.4 0 0 374.30 243.92   L 367.78 237.40   A 1.49 1.48 53.7 0 0 366.05 237.13   L 350.87 244.88   A 1.30 1.29 72.3 0 0 350.19 246.21   Q 350.75 249.94 351.51 254.73   C 352.11 258.53 354.76 257.85 357.39 259.10   Z   M 348.76 235.79   A 0.40 0.40 0.0 0 0 349.34 236.08   L 359.55 230.81   A 0.40 0.40 0.0 0 0 359.65 230.17   L 346.24 216.72   A 0.40 0.40 0.0 0 0 345.56 217.07   L 348.76 235.79   Z"/>
<path fill="#fdfdfd" d="   M 348.76 235.79   L 345.56 217.07   A 0.40 0.40 0.0 0 1 346.24 216.72   L 359.65 230.17   A 0.40 0.40 0.0 0 1 359.55 230.81   L 349.34 236.08   A 0.40 0.40 0.0 0 1 348.76 235.79   Z"/>
<path fill="#070707" d="   M 707.63 238.55   A 0.34 0.34 0.0 0 0 707.01 238.33   Q 692.29 257.95 689.09 262.10   C 687.12 264.64 684.93 268.18 686.35 271.69   Q 686.81 272.83 686.89 273.44   A 1.18 1.18 0.0 0 1 685.11 274.61   L 671.42 266.26   A 1.19 1.19 0.0 0 1 671.69 264.11   C 678.04 262.18 680.33 259.90 684.03 254.77   Q 698.03 235.38 704.47 226.73   C 707.13 223.15 705.36 220.41 704.95 216.81   A 0.51 0.51 0.0 0 1 705.74 216.34   L 718.98 225.42   A 2.78 2.77 -71.8 0 1 720.18 227.80   L 718.69 272.72   A 0.48 0.48 0.0 0 0 719.54 273.04   Q 736.39 252.91 737.93 250.96   C 739.94 248.42 738.64 244.27 738.42 241.96   A 0.90 0.90 0.0 0 1 739.87 241.17   L 752.48 251.13   A 0.97 0.97 0.0 0 1 752.17 252.81   C 748.53 253.96 746.11 254.42 743.74 257.24   Q 729.12 274.69 712.12 295.51   A 0.64 0.64 0.0 0 1 711.26 295.64   L 707.66 293.17   A 3.98 3.95 18.5 0 1 705.94 289.76   L 707.63 238.55   Z"/>
<path fill="#070707" d="   M 307.38 244.16   Q 306.75 244.46 306.25 244.36   C 300.10 243.23 294.82 242.36 289.38 245.51   C 270.82 256.26 286.38 281.42 302.51 284.67   C 312.35 286.65 320.03 281.11 322.88 271.86   Q 323.80 268.86 324.23 263.81   Q 324.39 261.96 326.21 261.96   A 1.33 1.31 61.9 0 1 327.01 262.21   Q 327.92 262.88 330.31 266.98   Q 333.39 272.27 330.66 277.40   Q 325.77 286.58 316.87 291.63   Q 301.67 300.25 286.31 292.21   C 280.54 289.19 274.98 283.09 272.37 276.98   C 267.02 264.48 270.02 249.92 280.48 240.97   Q 288.66 233.96 300.51 233.29   A 1.42 1.41 -19.4 0 1 301.73 233.87   L 307.85 242.32   A 1.24 1.23 -30.7 0 1 307.38 244.16   Z"/>
<path fill="#011434" d="   M 553.46 773.79   Q 555.43 772.29 557.82 771.86   C 609.31 762.58 657.95 738.63 695.00 701.72   Q 710.39 686.39 721.58 671.84   Q 750.02 634.86 764.57 589.52   C 771.81 566.92 776.16 541.21 776.14 516.30   Q 776.13 498.64 775.98 495.65   Q 775.28 481.08 772.47 463.76   Q 771.70 459.02 770.77 454.89   C 769.37 448.68 767.42 439.51 765.39 432.97   Q 751.58 388.42 723.85 350.72   A 3.42 3.38 27.1 0 1 723.19 348.71   L 723.07 320.57   A 2.29 2.27 -78.2 0 0 721.73 318.50   Q 720.42 317.90 718.08 317.22   Q 703.19 312.88 688.19 310.04   Q 682.05 308.87 678.00 305.74   C 636.55 273.72 588.89 253.91 536.62 249.14   Q 530.48 248.58 518.83 248.18   Q 511.10 247.92 502.76 248.32   C 480.90 249.39 459.15 252.21 439.94 257.46   C 405.09 266.98 372.88 284.71 345.14 306.76   C 342.27 309.04 338.88 310.47 335.77 311.06   Q 318.55 314.33 303.06 319.08   A 1.30 1.30 0.0 0 0 302.15 320.35   Q 302.38 332.43 301.76 346.29   Q 301.55 350.91 298.71 354.98   Q 293.90 361.85 285.87 374.58   Q 278.67 386.01 274.38 394.96   Q 265.71 413.10 260.94 427.19   Q 251.33 455.61 248.60 487.47   C 248.18 492.31 247.56 497.51 247.45 502.21   Q 246.95 524.43 249.61 546.00   Q 249.84 547.89 248.73 548.09   C 241.52 495.72 249.57 441.62 273.13 394.12   Q 282.84 374.56 299.30 351.80   C 300.29 350.43 300.87 348.89 300.87 346.95   Q 300.87 346.26 300.83 319.14   A 1.09 1.08 -8.2 0 1 301.61 318.10   C 314.03 314.35 324.05 312.22 339.11 309.16   Q 340.73 308.83 343.84 306.34   C 377.54 279.44 416.63 259.65 458.37 251.91   Q 497.72 244.62 537.73 248.07   C 590.05 252.57 639.90 273.56 680.58 306.48   Q 682.18 307.77 685.20 308.32   Q 705.02 311.90 721.60 316.87   Q 724.20 317.65 724.17 320.21   Q 723.94 335.55 724.08 347.11   A 6.23 6.17 27.4 0 0 725.21 350.61   Q 729.83 357.19 733.61 362.87   Q 772.06 420.72 777.01 491.00   Q 782.77 572.94 742.53 642.96   Q 728.31 667.71 707.41 690.66   C 667.33 734.67 612.89 764.79 553.46 773.79   Z"/>
<path fill="#002652" d="   M 553.46 773.79   Q 545.62 774.84 537.77 775.99   C 535.79 776.27 533.67 776.94 531.92 777.66   Q 526.16 780.00 514.24 785.27   Q 512.29 786.13 510.52 785.48   Q 504.90 783.43 492.12 778.11   C 490.58 777.47 487.64 776.62 485.47 776.31   Q 467.90 773.80 466.09 773.45   Q 362.02 753.45 299.31 669.98   C 272.11 633.78 254.81 592.64 248.73 548.09   Q 249.84 547.89 249.61 546.00   Q 246.95 524.43 247.45 502.21   C 247.56 497.51 248.18 492.31 248.60 487.47   Q 251.33 455.61 260.94 427.19   Q 265.71 413.10 274.38 394.96   Q 278.67 386.01 285.87 374.58   Q 293.90 361.85 298.71 354.98   Q 301.55 350.91 301.76 346.29   Q 302.38 332.43 302.15 320.35   A 1.30 1.30 0.0 0 1 303.06 319.08   Q 318.55 314.33 335.77 311.06   C 338.88 310.47 342.27 309.04 345.14 306.76   C 372.88 284.71 405.09 266.98 439.94 257.46   C 459.15 252.21 480.90 249.39 502.76 248.32   Q 511.10 247.92 518.83 248.18   Q 530.48 248.58 536.62 249.14   C 588.89 253.91 636.55 273.72 678.00 305.74   Q 682.05 308.87 688.19 310.04   Q 703.19 312.88 718.08 317.22   Q 720.42 317.90 721.73 318.50   A 2.29 2.27 -78.2 0 1 723.07 320.57   L 723.19 348.71   A 3.42 3.38 27.1 0 0 723.85 350.72   Q 751.58 388.42 765.39 432.97   C 767.42 439.51 769.37 448.68 770.77 454.89   Q 771.70 459.02 772.47 463.76   Q 775.28 481.08 775.98 495.65   Q 776.13 498.64 776.14 516.30   C 776.16 541.21 771.81 566.92 764.57 589.52   Q 750.02 634.86 721.58 671.84   Q 710.39 686.39 695.00 701.72   C 657.95 738.63 609.31 762.58 557.82 771.86   Q 555.43 772.29 553.46 773.79   Z   M 641.67 302.28   A 0.16 0.15 -27.9 0 0 641.76 302.00   Q 622.51 289.13 600.77 281.22   Q 571.27 270.48 540.36 267.11   C 525.17 265.46 508.13 265.34 493.75 266.15   Q 433.34 269.56 382.62 302.00   A 0.38 0.38 0.0 0 0 382.87 302.69   Q 419.05 298.31 455.03 296.45   Q 465.47 295.91 478.02 295.49   Q 523.51 293.99 570.97 296.38   Q 592.47 297.47 601.25 298.47   Q 620.10 300.61 636.75 302.14   Q 639.09 302.36 641.67 302.28   Z   M 543.31 348.47   Q 544.02 364.62 544.03 385.50   Q 544.06 425.79 543.34 456.18   L 543.05 478.89   A 0.17 0.17 0.0 0 0 543.22 479.07   L 574.05 478.99   L 671.03 479.11   L 704.19 479.16   A 0.65 0.65 0.0 0 0 704.84 478.50   L 704.53 459.31   L 704.59 343.49   L 704.65 332.79   A 1.26 1.26 0.0 0 0 703.63 331.54   L 670.05 324.85   Q 617.83 316.42 564.82 313.96   L 543.60 312.85   A 0.51 0.50 -87.8 0 0 543.07 313.35   Q 542.93 326.87 542.87 340.50   Q 542.85 345.20 543.31 348.47   Z   M 485.23 313.96   Q 469.95 313.83 458.07 314.39   Q 412.58 316.56 366.36 323.27   Q 342.72 326.70 319.86 331.93   A 0.96 0.96 0.0 0 0 319.11 332.88   Q 319.26 374.19 318.75 406.35   C 318.31 434.01 318.54 461.11 318.89 479.86   A 0.24 0.23 0.0 0 0 319.13 480.09   L 485.29 479.38   A 0.75 0.75 0.0 0 0 486.04 478.63   L 486.04 314.77   A 0.82 0.81 0.4 0 0 485.23 313.96   Z   M 324.09 524.00   Q 357.54 525.12 391.06 524.41   Q 392.97 523.98 395.27 523.99   Q 422.59 524.19 466.75 524.12   Q 480.65 524.10 493.52 524.51   A 0.58 0.58 0.0 0 1 494.08 525.09   Q 493.97 577.38 494.03 673.93   C 494.04 697.52 493.78 725.52 494.12 754.13   C 494.14 755.61 494.09 757.37 495.54 758.05   Q 502.17 761.16 508.77 764.01   Q 511.55 765.20 512.76 764.67   Q 520.66 761.16 530.30 756.79   Q 532.13 755.96 532.12 753.50   Q 531.95 707.94 532.01 641.66   C 532.04 606.66 531.65 568.34 531.74 525.07   A 0.57 0.57 0.0 0 1 532.27 524.50   Q 536.88 524.18 542.00 524.09   Q 562.31 523.71 582.51 524.36   L 671.90 524.31   A 0.36 0.35 -90.0 0 0 672.25 523.95   Q 672.25 523.78 672.23 523.62   L 703.91 523.35   A 0.99 0.99 0.0 0 0 704.89 522.36   L 704.89 490.09   A 0.95 0.94 90.0 0 0 703.95 489.14   L 532.71 489.14   A 1.02 1.02 0.0 0 1 531.69 488.13   L 530.95 315.07   A 0.77 0.77 0.0 0 0 530.18 314.30   L 494.58 314.11   A 0.65 0.65 0.0 0 0 493.92 314.76   L 493.92 488.41   A 0.75 0.75 0.0 0 1 493.17 489.16   L 320.61 489.90   A 0.65 0.65 0.0 0 0 319.96 490.55   L 319.96 522.75   A 0.78 0.77 -4.5 0 0 320.86 523.51   Q 323.07 523.17 324.09 524.00   Z   M 722.09 378.90   Q 721.96 417.99 722.05 475.07   C 722.09 502.70 724.41 528.99 721.62 555.24   Q 717.05 598.24 696.44 636.19   Q 675.29 675.14 642.83 704.32   Q 631.02 714.94 624.00 720.26   Q 610.41 730.57 589.99 745.53   A 0.31 0.31 0.0 0 0 590.29 746.06   Q 599.87 742.30 604.21 740.64   C 646.70 724.38 682.75 694.92 710.09 658.57   C 739.19 619.89 756.75 572.73 758.82 523.94   Q 759.55 506.81 758.67 492.77   Q 754.79 431.03 722.52 378.78   A 0.23 0.23 0.0 0 0 722.09 378.90   Z   M 264.31 500.28   L 264.29 498.33   A 0.28 0.28 0.0 0 0 263.89 498.08   Q 263.60 498.22 263.58 498.67   Q 263.04 512.06 264.14 525.23   Q 264.99 531.18 265.61 537.19   Q 266.48 545.84 267.01 549.14   Q 272.37 582.92 286.96 614.55   Q 294.19 630.21 303.14 643.84   Q 317.77 666.09 332.64 681.85   Q 375.11 726.81 433.78 745.41   A 0.30 0.30 0.0 0 0 434.04 744.88   Q 420.85 735.87 408.45 726.77   Q 386.70 710.80 366.87 690.13   C 337.71 659.72 315.66 621.48 306.14 580.49   Q 300.63 556.75 300.40 532.76   C 300.24 515.80 300.99 499.07 301.07 482.74   Q 301.23 448.37 301.18 403.07   C 301.17 396.00 301.65 389.50 301.10 382.56   A 0.38 0.38 0.0 0 0 300.40 382.40   Q 289.66 400.20 283.14 415.97   Q 266.41 456.49 264.31 500.28   Z   M 544.82 749.88   C 582.49 730.54 616.99 706.58 645.66 675.67   C 682.11 636.37 703.30 588.42 704.91 534.48   A 0.50 0.50 0.0 0 0 704.41 533.97   L 544.78 533.97   A 0.15 0.14 -0.0 0 0 544.63 534.11   L 544.28 749.56   A 0.37 0.36 -13.9 0 0 544.82 749.88   Z   M 484.54 534.73   L 319.32 533.84   A 0.80 0.79 -0.7 0 0 318.52 534.65   Q 319.36 577.00 337.55 615.48   Q 356.29 655.13 386.82 684.93   C 415.76 713.18 449.13 735.28 485.15 753.06   A 0.40 0.39 13.2 0 0 485.72 752.71   Q 485.92 591.03 485.93 579.25   Q 485.95 550.31 485.48 535.64   A 0.94 0.94 0.0 0 0 484.54 534.73   Z"/>
<path fill="#010f2e" d="   M 463.73 889.48   Q 489.23 892.78 515.00 892.53   Q 596.38 891.71 668.56 858.85   C 717.71 836.47 760.77 803.97 797.04 763.55   C 849.12 705.51 882.24 633.31 890.86 555.87   C 895.35 515.54 894.07 474.29 886.49 434.65   Q 866.68 330.99 793.98 251.96   C 800.38 256.11 804.85 262.88 809.76 268.46   C 813.98 273.28 816.66 276.99 821.78 283.50   Q 824.93 287.51 826.62 290.47   Q 828.15 293.16 829.87 295.14   Q 831.85 297.41 833.23 299.70   C 836.89 305.79 841.21 312.14 844.88 318.83   Q 846.81 322.33 848.77 325.61   C 852.61 331.99 855.48 338.62 858.66 344.56   Q 860.65 348.29 864.27 356.88   Q 871.90 374.96 877.05 391.61   Q 880.35 402.28 884.41 419.10   Q 888.83 437.44 891.01 454.72   Q 891.77 460.71 892.85 470.62   Q 893.78 479.17 894.14 486.56   Q 895.80 520.38 892.36 553.01   Q 886.85 605.41 868.03 651.84   Q 858.87 674.43 853.17 684.97   Q 845.76 698.67 841.39 705.91   Q 823.03 736.33 800.56 761.58   Q 786.62 777.25 765.94 796.41   C 761.84 800.21 755.56 805.07 751.91 808.38   Q 744.49 815.09 722.73 829.96   Q 708.92 839.40 687.90 850.66   Q 669.29 860.63 651.08 867.54   Q 621.05 878.93 596.02 884.51   Q 566.82 891.01 530.88 893.29   C 522.75 893.81 514.05 893.44 506.42 893.76   Q 498.52 894.09 489.05 893.21   Q 474.87 891.90 471.06 891.48   Q 470.86 891.45 463.91 890.56   A 0.48 0.48 0.0 0 1 463.54 889.88   L 463.73 889.48   Z"/>
<path fill="#0060ad" d="   M 641.67 302.28   Q 639.09 302.36 636.75 302.14   Q 620.10 300.61 601.25 298.47   Q 592.47 297.47 570.97 296.38   Q 523.51 293.99 478.02 295.49   Q 465.47 295.91 455.03 296.45   Q 419.05 298.31 382.87 302.69   A 0.38 0.38 0.0 0 1 382.62 302.00   Q 433.34 269.56 493.75 266.15   C 508.13 265.34 525.17 265.46 540.36 267.11   Q 571.27 270.48 600.77 281.22   Q 622.51 289.13 641.76 302.00   A 0.16 0.15 -27.9 0 1 641.67 302.28   Z"/>
<path fill="#070707" d="   M 752.31 339.69   A 1.07 1.06 52.0 0 1 750.87 339.51   Q 738.10 324.09 722.80 309.46   Q 722.16 308.86 721.88 308.06   A 0.71 0.70 79.4 0 1 722.52 307.12   C 725.21 307.03 728.48 307.78 731.29 305.29   Q 748.41 290.11 763.61 275.12   C 765.89 272.87 764.99 269.11 765.00 266.82   A 1.02 1.02 0.0 0 1 766.77 266.14   L 794.81 296.99   A 0.85 0.85 0.0 0 1 794.76 298.18   L 785.97 306.16   A 1.21 1.21 0.0 0 1 783.96 305.10   C 784.91 298.49 782.42 296.20 777.85 291.29   Q 777.00 290.37 772.65 285.60   A 0.52 0.52 0.0 0 0 771.92 285.57   L 760.47 295.97   A 0.96 0.95 -38.9 0 0 760.33 297.22   C 763.65 301.89 768.10 305.76 774.57 306.43   A 1.42 1.42 0.0 0 1 775.25 308.99   L 764.43 316.83   A 0.90 0.90 0.0 0 1 763.01 316.04   C 763.43 310.08 757.91 306.85 754.89 303.27   A 1.27 1.27 0.0 0 0 753.06 303.14   L 741.37 313.77   A 0.54 0.53 50.0 0 0 741.31 314.49   Q 747.15 321.99 753.28 327.72   C 755.74 330.01 760.58 328.68 763.61 329.25   A 1.09 1.09 0.0 0 1 764.04 331.20   L 752.31 339.69   Z"/>
<path fill="#070707" d="   M 261.76 350.79   A 0.98 0.98 0.0 0 1 262.70 352.32   L 252.87 366.65   A 1.11 1.11 0.0 0 1 250.91 366.39   C 249.50 362.44 248.70 361.20 245.00 358.91   Q 225.78 346.99 212.96 339.19   A 1.22 1.22 0.0 0 0 211.29 339.58   C 208.70 343.71 205.32 347.80 206.81 353.24   Q 206.98 353.87 206.75 354.34   A 1.02 0.95 26.2 0 1 205.40 354.75   Q 200.37 352.20 195.77 349.48   A 0.56 0.56 0.0 0 1 195.58 348.71   L 221.24 306.66   A 0.41 0.41 0.0 0 1 221.78 306.51   L 233.66 312.74   A 0.93 0.93 0.0 0 1 233.46 314.47   Q 229.31 315.54 227.14 316.15   C 223.34 317.22 220.46 323.27 218.50 327.02   A 0.81 0.81 0.0 0 0 218.79 328.09   Q 250.60 348.17 251.36 348.66   C 255.24 351.19 257.53 351.35 261.76 350.79   Z"/>
<path fill="#da302a" d="   M 564.82 313.96   L 622.34 371.89   A 0.86 0.86 0.0 0 0 623.56 371.89   L 670.05 324.85   L 703.63 331.54   A 1.26 1.26 0.0 0 1 704.65 332.79   L 704.59 343.49   L 648.32 400.69   A 0.97 0.96 -45.2 0 0 648.32 402.04   L 704.53 459.31   L 704.84 478.50   A 0.65 0.65 0.0 0 1 704.19 479.16   L 671.03 479.11   L 623.17 430.01   A 0.76 0.76 0.0 0 0 622.09 430.01   L 574.05 478.99   L 543.22 479.07   A 0.17 0.17 0.0 0 1 543.05 478.89   L 543.34 456.18   L 596.18 402.65   A 1.07 1.06 44.8 0 0 596.17 401.15   L 543.31 348.47   Q 542.85 345.20 542.87 340.50   Q 542.93 326.87 543.07 313.35   A 0.51 0.50 -87.8 0 1 543.60 312.85   L 564.82 313.96   Z"/>
<path fill="#ffc32d" d="   M 486.04 314.77   L 486.04 478.63   A 0.75 0.75 0.0 0 1 485.29 479.38   L 319.13 480.09   A 0.24 0.23 0.0 0 1 318.89 479.86   C 318.54 461.11 318.31 434.01 318.75 406.35   Q 319.26 374.19 319.11 332.88   A 0.96 0.96 0.0 0 1 319.86 331.93   Q 342.72 326.70 366.36 323.27   Q 412.58 316.56 458.07 314.39   Q 469.95 313.83 485.23 313.96   A 0.82 0.81 0.4 0 1 486.04 314.77   Z   M 471.93 357.98   L 462.50 358.02   A 0.64 0.64 0.0 0 1 461.86 357.38   L 461.90 350.48   A 0.86 0.86 0.0 0 0 461.21 349.64   Q 442.06 345.67 427.50 346.25   Q 415.33 346.73 404.76 352.70   A 2.27 2.25 -43.2 0 1 402.43 352.64   Q 394.45 347.50 384.61 346.92   Q 365.63 345.80 346.40 349.77   A 0.59 0.59 0.0 0 0 345.92 350.36   L 345.95 357.17   A 0.85 0.84 90.0 0 1 345.11 358.02   L 335.75 358.06   A 0.78 0.78 0.0 0 0 334.97 358.80   C 333.39 386.86 332.87 416.19 334.27 446.00   Q 334.34 447.60 334.79 450.57   A 0.99 0.99 0.0 0 0 335.77 451.41   L 390.22 451.70   A 2.35 2.33 66.9 0 1 391.81 452.35   C 397.53 457.86 408.22 458.55 413.87 452.71   A 3.29 3.29 0.0 0 1 416.24 451.70   L 471.77 451.46   A 0.93 0.92 -88.0 0 0 472.69 450.59   Q 474.69 419.13 473.42 389.78   C 472.92 378.46 472.95 369.34 472.58 358.60   A 0.64 0.64 0.0 0 0 471.93 357.98   Z"/>
<path fill="#0060ad" d="   M 672.23 523.62   L 582.51 524.36   Q 562.31 523.71 542.00 524.09   Q 536.88 524.18 532.27 524.50   A 0.57 0.57 0.0 0 0 531.74 525.07   C 531.65 568.34 532.04 606.66 532.01 641.66   Q 531.95 707.94 532.12 753.50   Q 532.13 755.96 530.30 756.79   Q 520.66 761.16 512.76 764.67   Q 511.55 765.20 508.77 764.01   Q 502.17 761.16 495.54 758.05   C 494.09 757.37 494.14 755.61 494.12 754.13   C 493.78 725.52 494.04 697.52 494.03 673.93   Q 493.97 577.38 494.08 525.09   A 0.58 0.58 0.0 0 0 493.52 524.51   Q 480.65 524.10 466.75 524.12   Q 422.59 524.19 395.27 523.99   Q 392.97 523.98 391.06 524.41   Q 357.53 523.33 324.09 524.00   Q 323.07 523.17 320.86 523.51   A 0.78 0.77 -4.5 0 1 319.96 522.75   L 319.96 490.55   A 0.65 0.65 0.0 0 1 320.61 489.90   L 493.17 489.16   A 0.75 0.75 0.0 0 0 493.92 488.41   L 493.92 314.76   A 0.65 0.65 0.0 0 1 494.58 314.11   L 530.18 314.30   A 0.77 0.77 0.0 0 1 530.95 315.07   L 531.69 488.13   A 1.02 1.02 0.0 0 0 532.71 489.14   L 703.95 489.14   A 0.95 0.94 -90.0 0 1 704.89 490.09   L 704.89 522.36   A 0.99 0.99 0.0 0 1 703.91 523.35   L 672.23 523.62   Z"/>
<path fill="#ffc32d" d="   M 670.05 324.85   L 623.56 371.89   A 0.86 0.86 0.0 0 1 622.34 371.89   L 564.82 313.96   Q 617.83 316.42 670.05 324.85   Z"/>
<path fill="#070707" d="   M 800.36 324.39   C 799.32 320.00 799.72 315.81 804.48 314.34   Q 809.59 312.76 812.82 317.35   Q 815.87 321.72 812.15 326.41   C 809.50 329.73 803.61 330.86 799.67 330.88   Q 794.69 330.91 789.80 328.25   A 3.68 3.67 -72.7 0 1 787.91 324.65   L 787.92 324.58   A 1.74 1.74 0.0 0 1 790.45 323.21   Q 795.31 325.72 799.89 325.08   A 0.57 0.56 -11.1 0 0 800.36 324.39   Z"/>
<circle fill="#070707" cx="268.40" cy="331.20" r="6.50"/>
<path fill="#070707" d="   M 786.99 358.70   Q 787.33 359.90 786.61 361.13   C 785.07 363.78 782.50 367.52 782.23 370.72   Q 781.57 378.53 787.63 383.37   C 790.98 386.04 796.54 385.70 798.74 381.59   Q 800.23 378.80 799.91 375.51   Q 799.11 367.44 798.86 361.79   C 798.35 349.95 807.18 341.78 818.91 343.90   C 828.04 345.54 834.06 353.51 835.63 362.58   Q 836.57 367.95 835.99 373.62   A 1.79 1.77 -9.7 0 1 834.96 375.06   L 824.55 379.77   A 1.64 1.64 0.0 0 1 822.55 377.32   C 823.90 375.47 826.56 372.14 827.37 369.65   Q 830.04 361.40 823.69 356.12   Q 821.19 354.05 817.42 354.64   C 812.43 355.44 810.67 361.08 811.30 365.52   C 812.66 375.11 815.02 386.61 806.20 393.12   C 800.95 397.00 793.33 397.00 787.78 394.04   C 776.99 388.29 772.84 375.81 774.13 364.02   A 2.29 2.29 0.0 0 1 775.46 362.18   L 785.09 357.82   A 1.38 1.38 0.0 0 1 786.99 358.70   Z"/>
<path fill="#ffc32d" d="   M 704.59 343.49   L 704.53 459.31   L 648.32 402.04   A 0.97 0.96 -45.2 0 1 648.32 400.69   L 704.59 343.49   Z"/>
<path fill="#002652" d="   M 471.93 357.98   A 0.64 0.64 0.0 0 1 472.58 358.60   C 472.95 369.34 472.92 378.46 473.42 389.78   Q 474.69 419.13 472.69 450.59   A 0.93 0.92 -88.0 0 1 471.77 451.46   L 416.24 451.70   A 3.29 3.29 0.0 0 0 413.87 452.71   C 408.22 458.55 397.53 457.86 391.81 452.35   A 2.35 2.33 66.9 0 0 390.22 451.70   L 335.77 451.41   A 0.99 0.99 0.0 0 1 334.79 450.57   Q 334.34 447.60 334.27 446.00   C 332.87 416.19 333.39 386.86 334.97 358.80   A 0.78 0.78 0.0 0 1 335.75 358.06   L 345.11 358.02   A 0.85 0.84 -90.0 0 0 345.95 357.17   L 345.92 350.36   A 0.59 0.59 0.0 0 1 346.40 349.77   Q 365.63 345.80 384.61 346.92   Q 394.45 347.50 402.43 352.64   A 2.27 2.25 -43.2 0 0 404.76 352.70   Q 415.33 346.73 427.50 346.25   Q 442.06 345.67 461.21 349.64   A 0.86 0.86 0.0 0 1 461.90 350.48   L 461.86 357.38   A 0.64 0.64 0.0 0 0 462.50 358.02   L 471.93 357.98   Z   M 453.05 429.90   L 453.05 361.13   A 0.92 0.91 8.7 0 0 452.40 360.26   Q 439.74 356.44 425.89 357.13   C 419.77 357.44 412.32 359.70 408.19 364.30   A 2.72 2.71 65.8 0 0 407.51 366.10   L 407.51 431.38   A 0.39 0.38 81.2 0 0 408.01 431.75   Q 408.81 431.50 410.62 430.60   C 422.58 424.65 439.77 426.70 452.37 430.41   A 0.53 0.53 0.0 0 0 453.05 429.90   Z   M 399.60 432.27   Q 399.44 430.25 399.43 429.75   Q 399.37 422.33 399.36 367.72   C 399.36 365.66 398.61 364.78 397.15 363.64   C 385.08 354.22 367.94 357.30 354.34 361.33   A 0.54 0.54 0.0 0 0 353.95 361.85   L 353.95 429.92   A 0.47 0.46 82.0 0 0 354.54 430.37   C 369.13 426.09 385.75 424.65 399.23 432.51   A 0.25 0.25 0.0 0 0 399.60 432.27   Z"/>
<path fill="#ffc32d" d="   M 543.34 456.18   Q 544.06 425.79 544.03 385.50   Q 544.02 364.62 543.31 348.47   L 596.17 401.15   A 1.07 1.06 44.8 0 1 596.18 402.65   L 543.34 456.18   Z"/>
<path fill="#fdfdfd" d="   M 453.05 429.90   A 0.53 0.53 0.0 0 1 452.37 430.41   C 439.77 426.70 422.58 424.65 410.62 430.60   Q 408.81 431.50 408.01 431.75   A 0.39 0.38 81.2 0 1 407.51 431.38   L 407.51 366.10   A 2.72 2.71 65.8 0 1 408.19 364.30   C 412.32 359.70 419.77 357.44 425.89 357.13   Q 439.74 356.44 452.40 360.26   A 0.92 0.91 8.7 0 1 453.05 361.13   L 453.05 429.90   Z"/>
<path fill="#fdfdfd" d="   M 399.60 432.27   A 0.25 0.25 0.0 0 1 399.23 432.51   C 385.75 424.65 369.13 426.09 354.54 430.37   A 0.47 0.46 82.0 0 1 353.95 429.92   L 353.95 361.85   A 0.54 0.54 0.0 0 1 354.34 361.33   C 367.94 357.30 385.08 354.22 397.15 363.64   C 398.61 364.78 399.36 365.66 399.36 367.72   Q 399.37 422.33 399.43 429.75   Q 399.44 430.25 399.60 432.27   Z"/>
<path fill="#070707" d="   M 212.26 412.99   A 2.10 1.81 -10.1 0 1 214.25 410.54   Q 218.51 410.34 222.36 409.57   A 4.18 4.13 -67.1 0 0 223.86 408.95   Q 231.39 404.00 231.28 396.10   Q 231.21 391.22 226.54 389.52   Q 221.49 387.69 216.87 391.69   Q 214.23 393.97 206.36 401.30   C 198.79 408.35 186.87 407.77 181.47 398.33   C 175.22 387.40 180.82 376.60 188.95 368.49   A 0.98 0.96 29.6 0 1 189.88 368.24   L 201.49 371.25   A 1.27 1.27 0.0 0 1 201.97 373.47   Q 200.71 374.48 199.05 374.80   Q 194.86 375.63 192.07 377.49   C 180.87 384.94 189.85 398.70 200.61 388.84   C 204.19 385.56 208.39 380.48 212.07 378.00   C 226.06 368.59 241.35 382.19 239.58 397.24   C 238.56 405.92 231.76 413.99 224.82 419.35   A 0.65 0.64 38.5 0 1 224.15 419.42   Q 215.73 415.20 213.40 413.88   Q 212.38 413.30 212.26 412.99   Z"/>
<path fill="#0060ad" d="   M 722.09 378.90   A 0.23 0.23 0.0 0 1 722.52 378.78   Q 754.79 431.03 758.67 492.77   Q 759.55 506.81 758.82 523.94   C 756.75 572.73 739.19 619.89 710.09 658.57   C 682.75 694.92 646.70 724.38 604.21 740.64   Q 599.87 742.30 590.29 746.06   A 0.31 0.31 0.0 0 1 589.99 745.53   Q 610.41 730.57 624.00 720.26   Q 631.02 714.94 642.83 704.32   Q 675.29 675.14 696.44 636.19   Q 717.05 598.24 721.62 555.24   C 724.41 528.99 722.09 502.70 722.05 475.07   Q 721.96 417.99 722.09 378.90   Z"/>
<path fill="#0060ad" d="   M 264.14 525.23   L 264.31 500.28   Q 266.41 456.49 283.14 415.97   Q 289.66 400.20 300.40 382.40   A 0.38 0.38 0.0 0 1 301.10 382.56   C 301.65 389.50 301.17 396.00 301.18 403.07   Q 301.23 448.37 301.07 482.74   C 300.99 499.07 300.24 515.80 300.40 532.76   Q 300.63 556.75 306.14 580.49   C 315.66 621.48 337.71 659.72 366.87 690.13   Q 386.70 710.80 408.45 726.77   Q 420.85 735.87 434.04 744.88   A 0.30 0.30 0.0 0 1 433.78 745.41   Q 375.11 726.81 332.64 681.85   Q 317.77 666.09 303.14 643.84   Q 294.19 630.21 286.96 614.55   Q 272.37 582.92 267.01 549.14   Q 266.48 545.84 265.61 537.19   Q 264.99 531.18 264.14 525.23   Z"/>
<path fill="#ffc32d" d="   M 671.03 479.11   L 574.05 478.99   L 622.09 430.01   A 0.76 0.76 0.0 0 1 623.17 430.01   L 671.03 479.11   Z"/>
<path fill="#070707" d="   M 264.31 500.28   L 264.14 525.23   Q 263.04 512.06 263.58 498.67   Q 263.60 498.22 263.89 498.08   A 0.28 0.28 0.0 0 1 264.29 498.33   L 264.31 500.28   Z"/>
<path fill="#070707" d="   M 672.23 523.62   Q 672.25 523.78 672.25 523.95   A 0.36 0.35 -90.0 0 1 671.90 524.31   L 582.51 524.36   L 672.23 523.62   Z"/>
<path fill="#070707" d="   M 391.06 524.41   Q 357.54 525.12 324.09 524.00   Q 357.53 523.33 391.06 524.41   Z"/>
<path fill="#ffc32d" d="   M 544.82 749.88   A 0.37 0.36 -13.9 0 1 544.28 749.56   L 544.63 534.11   A 0.15 0.14 -0.0 0 1 544.78 533.97   L 704.41 533.97   A 0.50 0.50 0.0 0 1 704.91 534.48   C 703.30 588.42 682.11 636.37 645.66 675.67   C 616.99 706.58 582.49 730.54 544.82 749.88   Z   M 613.33 609.33   Q 615.74 597.09 620.37 585.16   Q 623.40 577.38 624.39 567.73   C 625.44 557.50 623.21 547.14 617.92 538.67   A 0.62 0.61 55.4 0 0 617.03 538.50   Q 614.30 540.55 612.31 543.30   C 606.88 550.79 604.01 559.27 603.77 568.51   C 603.53 577.97 604.86 586.49 606.62 596.38   Q 607.48 601.25 607.50 608.18   A 0.34 0.33 15.8 0 1 606.99 608.46   Q 606.40 608.11 606.31 607.42   C 604.15 591.71 594.98 576.19 580.50 569.05   A 1.02 1.02 0.0 0 0 579.03 569.91   C 578.43 580.61 579.23 590.47 584.89 599.71   C 589.44 607.14 597.30 614.14 604.27 619.06   A 2.04 2.02 -64.8 0 1 605.05 621.26   Q 601.90 632.68 599.82 641.04   Q 599.67 641.61 599.32 641.96   A 0.66 0.66 0.0 0 1 598.19 641.48   Q 598.50 625.64 588.58 613.67   Q 581.89 605.59 574.28 600.16   A 0.84 0.84 0.0 0 0 572.98 600.60   C 571.08 606.84 571.75 614.76 573.21 621.04   C 576.16 633.78 584.76 644.87 595.11 652.74   A 1.35 1.34 32.5 0 1 595.49 654.43   Q 588.73 667.67 584.65 674.92   Q 584.28 675.59 583.54 676.08   A 0.41 0.41 0.0 0 1 582.91 675.67   Q 585.39 661.33 579.70 648.75   C 577.09 642.99 572.14 636.90 567.79 632.15   A 0.64 0.63 -54.0 0 0 566.75 632.32   C 558.53 649.97 563.31 670.52 578.63 682.47   A 0.88 0.88 0.0 0 1 578.80 683.69   Q 571.21 694.08 561.72 702.03   A 2.56 2.55 -37.9 0 0 561.29 705.49   L 563.51 708.56   A 2.19 2.19 0.0 0 0 566.59 709.03   C 574.42 703.23 580.79 694.55 585.93 686.29   A 4.20 4.19 -75.1 0 1 589.35 684.30   Q 593.64 684.13 599.50 683.54   C 614.98 682.00 629.20 672.33 633.50 656.79   A 0.46 0.46 0.0 0 0 632.98 656.21   Q 631.67 656.43 622.99 657.73   Q 611.65 659.43 602.70 665.69   Q 599.69 667.79 593.19 674.14   A 0.45 0.45 0.0 0 1 592.58 674.16   L 592.57 674.15   A 0.52 0.51 -51.7 0 1 592.49 673.45   Q 598.26 665.81 601.72 657.37   C 602.36 655.80 603.55 654.33 605.06 654.01   C 617.63 651.31 629.10 646.46 637.34 636.39   C 642.81 629.71 647.61 620.30 646.96 611.90   A 0.38 0.38 0.0 0 0 646.48 611.57   C 633.32 615.15 620.91 623.20 612.94 634.41   Q 610.46 637.91 607.84 641.83   A 0.40 0.40 0.0 0 1 607.12 641.51   L 612.42 621.06   A 3.25 3.24 84.6 0 1 614.18 618.93   C 627.40 612.65 639.91 605.80 645.93 592.19   Q 650.22 582.48 649.73 571.47   A 0.66 0.66 0.0 0 0 648.87 570.87   C 630.54 576.61 620.96 590.15 614.29 609.19   A 0.45 0.44 86.7 0 1 614.07 609.44   L 613.72 609.62   A 0.27 0.27 0.0 0 1 613.33 609.33   Z"/>
<path fill="#ffc32d" d="   M 484.54 534.73   A 0.94 0.94 0.0 0 1 485.48 535.64   Q 485.95 550.31 485.93 579.25   Q 485.92 591.03 485.72 752.71   A 0.40 0.39 13.2 0 1 485.15 753.06   C 449.13 735.28 415.76 713.18 386.82 684.93   Q 356.29 655.13 337.55 615.48   Q 319.36 577.00 318.52 534.65   A 0.80 0.79 -0.7 0 1 319.32 533.84   L 484.54 534.73   Z   M 398.28 613.20   L 389.94 613.42   A 4.43 4.43 0.0 0 0 385.65 618.23   L 385.67 618.61   A 4.73 4.73 0.0 0 0 390.39 623.04   L 444.49 623.04   A 4.58 4.58 0.0 0 0 449.05 618.89   L 449.11 618.31   A 4.42 4.41 3.7 0 0 444.84 613.45   L 435.79 613.19   Q 445.69 606.93 447.54 597.26   Q 448.85 590.36 446.43 581.10   C 444.60 574.09 439.59 568.24 434.53 562.51   A 0.31 0.31 0.0 0 0 433.99 562.71   Q 434.00 564.41 434.20 566.24   Q 434.92 572.80 432.90 578.55   A 0.93 0.92 29.1 0 1 431.44 578.96   Q 430.55 578.23 429.81 577.03   A 2.57 2.48 25.5 0 1 429.50 576.20   Q 428.59 571.31 427.56 566.73   Q 424.00 550.87 410.70 542.36   A 0.54 0.54 0.0 0 0 409.87 542.79   Q 409.42 554.57 401.36 563.10   C 397.81 566.86 393.38 570.79 390.59 575.24   Q 382.44 588.24 388.49 602.71   Q 391.17 609.12 398.28 613.20   Z   M 426.79 703.35   Q 427.58 699.40 427.75 694.52   Q 428.76 665.89 429.51 652.61   A 5.02 5.01 -20.6 0 1 431.01 649.31   Q 438.48 642.03 439.60 640.85   Q 442.55 637.72 443.45 635.23   C 444.70 631.78 443.61 628.20 439.49 628.19   Q 406.06 628.11 394.25 628.15   C 388.71 628.17 390.07 635.12 392.59 637.91   Q 398.34 644.28 404.36 649.45   A 3.80 3.78 -71.0 0 1 405.68 652.17   Q 406.78 677.67 406.94 685.62   Q 407.00 688.54 408.38 689.89   Q 416.49 697.81 426.37 703.54   A 0.28 0.28 0.0 0 0 426.79 703.35   Z"/>
<path fill="#002652" d="   M 613.33 609.33   A 0.27 0.27 0.0 0 0 613.72 609.62   L 614.07 609.44   A 0.45 0.44 86.7 0 0 614.29 609.19   C 620.96 590.15 630.54 576.61 648.87 570.87   A 0.66 0.66 0.0 0 1 649.73 571.47   Q 650.22 582.48 645.93 592.19   C 639.91 605.80 627.40 612.65 614.18 618.93   A 3.25 3.24 84.6 0 0 612.42 621.06   L 607.12 641.51   A 0.40 0.40 0.0 0 0 607.84 641.83   Q 610.46 637.91 612.94 634.41   C 620.91 623.20 633.32 615.15 646.48 611.57   A 0.38 0.38 0.0 0 1 646.96 611.90   C 647.61 620.30 642.81 629.71 637.34 636.39   C 629.10 646.46 617.63 651.31 605.06 654.01   C 603.55 654.33 602.36 655.80 601.72 657.37   Q 598.26 665.81 592.49 673.45   A 0.52 0.51 -51.7 0 0 592.57 674.15   L 592.58 674.16   A 0.45 0.45 0.0 0 0 593.19 674.14   Q 599.69 667.79 602.70 665.69   Q 611.65 659.43 622.99 657.73   Q 631.67 656.43 632.98 656.21   A 0.46 0.46 0.0 0 1 633.50 656.79   C 629.20 672.33 614.98 682.00 599.50 683.54   Q 593.64 684.13 589.35 684.30   A 4.20 4.19 -75.1 0 0 585.93 686.29   C 580.79 694.55 574.42 703.23 566.59 709.03   A 2.19 2.19 0.0 0 1 563.51 708.56   L 561.29 705.49   A 2.56 2.55 -37.9 0 1 561.72 702.03   Q 571.21 694.08 578.80 683.69   A 0.88 0.88 0.0 0 0 578.63 682.47   C 563.31 670.52 558.53 649.97 566.75 632.32   A 0.64 0.63 -54.0 0 1 567.79 632.15   C 572.14 636.90 577.09 642.99 579.70 648.75   Q 585.39 661.33 582.91 675.67   A 0.41 0.41 0.0 0 0 583.54 676.08   Q 584.28 675.59 584.65 674.92   Q 588.73 667.67 595.49 654.43   A 1.35 1.34 32.5 0 0 595.11 652.74   C 584.76 644.87 576.16 633.78 573.21 621.04   C 571.75 614.76 571.08 606.84 572.98 600.60   A 0.84 0.84 0.0 0 1 574.28 600.16   Q 581.89 605.59 588.58 613.67   Q 598.50 625.64 598.19 641.48   A 0.66 0.66 0.0 0 0 599.32 641.96   Q 599.67 641.61 599.82 641.04   Q 601.90 632.68 605.05 621.26   A 2.04 2.02 -64.8 0 0 604.27 619.06   C 597.30 614.14 589.44 607.14 584.89 599.71   C 579.23 590.47 578.43 580.61 579.03 569.91   A 1.02 1.02 0.0 0 1 580.50 569.05   C 594.98 576.19 604.15 591.71 606.31 607.42   Q 606.40 608.11 606.99 608.46   A 0.34 0.33 15.8 0 0 607.50 608.18   Q 607.48 601.25 606.62 596.38   C 604.86 586.49 603.53 577.97 603.77 568.51   C 604.01 559.27 606.88 550.79 612.31 543.30   Q 614.30 540.55 617.03 538.50   A 0.62 0.61 55.4 0 1 617.92 538.67   C 623.21 547.14 625.44 557.50 624.39 567.73   Q 623.40 577.38 620.37 585.16   Q 615.74 597.09 613.33 609.33   Z"/>
<path fill="#da302a" d="   M 435.79 613.19   L 426.62 613.21   Q 423.85 606.94 420.14 601.30   Q 417.56 597.38 416.75 595.47   C 414.65 590.50 414.28 587.11 413.35 580.46   A 0.60 0.59 64.6 0 0 412.36 580.10   Q 396.92 594.51 409.62 613.29   L 398.28 613.20   Q 391.17 609.12 388.49 602.71   Q 382.44 588.24 390.59 575.24   C 393.38 570.79 397.81 566.86 401.36 563.10   Q 409.42 554.57 409.87 542.79   A 0.54 0.54 0.0 0 1 410.70 542.36   Q 424.00 550.87 427.56 566.73   Q 428.59 571.31 429.50 576.20   A 2.57 2.48 25.5 0 0 429.81 577.03   Q 430.55 578.23 431.44 578.96   A 0.93 0.92 29.1 0 0 432.90 578.55   Q 434.92 572.80 434.20 566.24   Q 434.00 564.41 433.99 562.71   A 0.31 0.31 0.0 0 1 434.53 562.51   C 439.59 568.24 444.60 574.09 446.43 581.10   Q 448.85 590.36 447.54 597.26   Q 445.69 606.93 435.79 613.19   Z"/>
<path fill="#ffc32d" d="   M 426.62 613.21   L 409.62 613.29   Q 396.92 594.51 412.36 580.10   A 0.60 0.59 64.6 0 1 413.35 580.46   C 414.28 587.11 414.65 590.50 416.75 595.47   Q 417.56 597.38 420.14 601.30   Q 423.85 606.94 426.62 613.21   Z"/>
<path fill="#002652" d="   M 398.28 613.20   L 409.62 613.29   L 426.62 613.21   L 435.79 613.19   L 444.84 613.45   A 4.42 4.41 3.7 0 1 449.11 618.31   L 449.05 618.89   A 4.58 4.58 0.0 0 1 444.49 623.04   L 390.39 623.04   A 4.73 4.73 0.0 0 1 385.67 618.61   L 385.65 618.23   A 4.43 4.43 0.0 0 1 389.94 613.42   L 398.28 613.20   Z"/>
<path fill="#002652" d="   M 426.79 703.35   A 0.28 0.28 0.0 0 1 426.37 703.54   Q 416.49 697.81 408.38 689.89   Q 407.00 688.54 406.94 685.62   Q 406.78 677.67 405.68 652.17   A 3.80 3.78 -71.0 0 0 404.36 649.45   Q 398.34 644.28 392.59 637.91   C 390.07 635.12 388.71 628.17 394.25 628.15   Q 406.06 628.11 439.49 628.19   C 443.61 628.20 444.70 631.78 443.45 635.23   Q 442.55 637.72 439.60 640.85   Q 438.48 642.03 431.01 649.31   A 5.02 5.01 -20.6 0 0 429.51 652.61   Q 428.76 665.89 427.75 694.52   Q 427.58 699.40 426.79 703.35   Z"/>
<path fill="#070707" d="   M 665.05 764.79   A 0.94 0.93 35.8 0 1 664.78 763.14   L 698.32 738.86   A 0.76 0.75 53.8 0 1 699.38 739.03   L 706.38 748.69   A 1.00 1.00 0.0 0 1 705.48 750.27   C 701.17 749.87 698.65 749.35 695.40 751.72   Q 690.82 755.06 685.70 758.90   A 1.34 1.33 -36.5 0 0 685.42 760.75   L 693.92 772.49   A 0.61 0.60 -35.1 0 0 694.74 772.63   C 700.18 768.98 704.64 766.24 706.83 759.55   A 1.06 1.06 0.0 0 1 708.76 759.35   L 715.68 771.34   A 1.04 1.03 -18.7 0 1 714.91 772.88   C 713.35 773.08 711.38 771.99 710.01 772.52   C 706.86 773.74 703.64 776.35 699.60 779.16   A 1.20 1.20 0.0 0 0 699.31 780.85   L 708.51 793.56   A 0.53 0.52 -37.2 0 0 709.26 793.66   Q 712.36 791.27 722.55 783.82   C 725.67 781.53 725.83 775.78 726.62 772.71   A 1.02 1.01 38.8 0 1 728.51 772.51   L 734.87 784.94   A 0.84 0.84 0.0 0 1 734.61 786.00   Q 721.97 795.16 699.74 811.51   Q 699.40 811.76 698.95 811.72   A 1.02 1.02 0.0 0 1 698.04 810.49   C 698.85 806.76 699.70 803.90 697.45 800.55   Q 694.05 795.48 675.77 769.51   C 673.51 766.29 671.16 765.06 667.58 765.08   Q 666.01 765.09 665.05 764.79   Z"/>
<path fill="#070707" d="   M 336.08 799.69   A 1.30 1.30 0.0 0 1 337.33 801.72   Q 335.63 804.15 331.75 807.92   C 329.06 810.54 327.08 810.31 323.53 809.46   C 308.72 805.92 296.12 795.39 295.94 779.00   Q 295.79 764.55 306.13 754.66   C 323.37 738.15 348.12 746.40 357.74 766.32   A 2.59 2.59 0.0 0 1 357.37 769.14   Q 355.56 771.26 351.74 774.98   Q 350.69 776.01 350.10 776.15   A 1.78 1.65 82.0 0 1 348.09 774.51   C 347.32 763.62 340.59 754.75 328.76 755.99   C 317.32 757.19 310.09 769.58 309.00 780.26   C 308.56 784.57 308.84 788.66 311.28 792.43   C 317.02 801.29 326.75 801.09 336.08 799.69   Z"/>
<path fill="#070707" d="   M 646.71 808.23   A 0.79 0.78 43.9 0 1 646.68 806.82   L 663.21 798.37   A 1.12 1.12 0.0 0 1 664.80 799.64   Q 663.56 804.59 665.98 808.99   Q 667.90 812.49 671.17 818.16   Q 672.77 820.94 670.84 823.35   C 661.23 835.41 643.85 844.28 628.22 836.49   C 614.35 829.59 608.16 813.81 611.78 798.80   C 615.54 783.17 632.93 775.41 647.89 776.67   A 3.17 3.17 0.0 0 1 650.66 778.88   L 652.81 785.71   A 1.20 1.20 0.0 0 1 651.46 787.26   Q 644.96 786.15 642.78 785.98   C 631.99 785.14 623.58 791.27 622.96 801.98   C 622.45 810.79 626.21 819.19 633.28 824.44   C 640.39 829.73 650.91 831.24 657.39 824.14   C 658.65 822.76 659.22 821.71 658.42 819.90   Q 656.92 816.55 655.04 813.46   C 652.82 809.84 649.82 809.67 646.71 808.23   Z"/>
<path fill="#070707" d="   M 412.9746 792.1489   A 31.88 31.03 -34.4 0 1 404.2009 835.7633   A 31.88 31.03 -34.4 0 1 360.3654 828.1711   A 31.88 31.03 -34.4 0 1 369.1391 784.5567   A 31.88 31.03 -34.4 0 1 412.9746 792.1489   Z   M 395.6710 788.4666   A 23.22 16.86 -67.7 0 0 371.2610 803.5524   A 23.22 16.86 -67.7 0 0 378.0490 831.4334   A 23.22 16.86 -67.7 0 0 402.4590 816.3476   A 23.22 16.86 -67.7 0 0 395.6710 788.4666   Z"/>
<ellipse fill="#fdfdfd" cx="0.00" cy="0.00" transform="translate(386.86,809.95) rotate(-67.7)" rx="23.22" ry="16.86"/>
<path fill="#070707" d="   M 572.33 833.53   L 575.13 849.32   A 0.83 0.83 0.0 0 0 576.01 850.00   Q 576.83 849.92 590.27 847.02   C 595.98 845.79 598.04 842.43 600.62 837.88   Q 600.89 837.39 601.60 836.98   A 0.97 0.97 0.0 0 1 603.05 837.76   L 603.98 851.44   A 1.44 1.43 80.0 0 1 602.95 852.92   Q 600.48 853.63 598.74 854.01   Q 579.35 858.16 560.99 861.75   Q 560.20 861.91 559.81 861.81   A 1.11 1.11 0.0 0 1 559.13 860.12   L 561.18 856.98   A 4.69 4.58 66.1 0 0 561.91 855.02   Q 562.22 852.70 561.38 847.56   Q 559.92 838.62 556.11 814.64   Q 555.55 811.13 555.17 810.23   A 2.87 2.83 -84.4 0 0 553.95 808.72   L 548.60 805.45   A 0.62 0.61 -43.4 0 1 548.63 804.38   Q 550.19 803.57 551.37 803.34   Q 570.14 799.77 588.31 796.05   A 1.43 1.43 0.0 0 1 590.00 797.21   L 591.91 807.95   A 1.19 1.19 0.0 0 1 589.88 808.99   C 587.19 806.21 584.93 805.65 581.02 806.30   Q 575.87 807.16 568.59 808.68   A 0.52 0.51 79.5 0 0 568.19 809.27   L 570.77 823.76   A 0.76 0.76 0.0 0 0 571.66 824.38   C 578.29 823.23 583.73 823.26 587.53 817.62   A 0.98 0.98 0.0 0 1 589.32 818.02   C 590.18 823.69 591.71 831.50 591.27 832.42   A 1.00 1.00 0.0 0 1 589.80 832.81   Q 586.62 830.62 582.43 831.12   Q 578.60 831.58 572.86 832.75   A 0.67 0.67 0.0 0 0 572.33 833.53   Z"/>
<path fill="#070707" d="   M 437.45 798.39   A 1.01 1.01 0.0 0 1 438.46 796.80   L 460.40 801.07   A 1.05 1.05 0.0 0 1 460.75 802.99   C 457.18 805.23 454.90 806.29 454.16 810.31   Q 451.07 827.08 447.63 844.13   Q 447.12 846.70 446.93 848.82   A 0.74 0.73 -81.7 0 0 447.51 849.61   Q 455.99 851.40 463.01 851.92   C 467.55 852.26 470.87 849.32 474.00 847.11   A 1.03 1.03 0.0 0 1 475.59 848.21   L 472.33 860.79   A 1.71 1.71 0.0 0 1 470.41 862.05   Q 450.96 859.03 428.89 855.37   Q 428.32 855.28 428.00 854.97   A 0.92 0.92 0.0 0 1 428.08 853.57   C 430.69 851.61 433.15 850.01 433.73 846.99   Q 438.83 820.21 441.58 805.71   A 2.97 2.95 32.6 0 0 441.06 803.39   L 437.45 798.39   Z"/>
<path fill="#070707" d="   M 492.05 807.05   A 0.70 0.70 0.0 0 1 492.64 805.97   L 515.14 805.97   A 0.98 0.98 0.0 0 1 515.80 807.67   C 513.10 810.15 510.54 811.92 510.45 815.77   Q 510.03 834.22 509.94 855.01   A 0.90 0.89 1.0 0 0 510.82 855.91   Q 515.76 856.02 519.78 856.01   C 526.01 856.00 529.64 856.34 533.53 852.05   Q 535.57 849.81 536.56 848.98   A 1.03 1.03 0.0 0 1 538.24 849.88   L 536.66 863.78   A 0.62 0.61 -86.9 0 1 536.05 864.33   L 493.41 864.33   A 1.17 1.17 0.0 0 1 492.47 862.46   C 494.20 860.16 496.79 858.65 496.87 854.55   Q 497.20 836.18 498.05 815.27   Q 498.09 814.43 497.04 812.17   C 496.13 810.20 493.24 808.88 492.05 807.05   Z"/>

                        </g>
                    </svg>